word	english
aluminium	aluminium
pigelus	cootie
krans	wreath
automat	kiosk
version	release
halvleder	semiconductor
nyse	sneeze
blidemaned	february
overnaturlig	supernatural
fuld	full
propel	propeller
subsidiaer	subsidiary
bureaukrat	bureaucrat
hunsvane	pen
kannada	kannada
elevator	lift
aron	aaron
formynder	custodian
braekjern	crowbar
foregaende	previous
cykelstyr	handlebar
kompas	compass
ulogisk	illegitimate
akademia	academia
praerie	prairie
intravenost	intravenously
jambe	iamb
aerodynamik	aerodynamics
hydrolog	hydrologist
infanteri	infantry
sare	wound
taekke	bark
slyngel	villain
kateter	catheter
kromatografi	chromatography
skytte	sagittarius
polervoks	wax
fyn	funen
spaette	woodpecker
saarland	saarland
tusindben	millipede
syd	south
monogram	monogram
georg	george
isabella	isabel
pen	pen
oregano	oregano
dakien	dacia
skalp	scalp
berore	touch
sekstal	six
angstrom	angstrom
kabbala	kabballah
idempotent	idempotent
teisme	theism
metrologi	metrology
athene	athena
hestehale	ponytail
maltid	meal
iransk	iranian
hynde	cushion
storsindet	magnanimous
laegmuskel	calf
nal	needle
kerub	cherub
fennikel	fennel
kaviar	caviar
myresluger	anteater
kalkerpapir	carbon
uvular	uvular
bankfilial	bank
kali	kali
bilist	motorist
despot	despot
bonsai	bonsai
baccarat	baccarat
chile	chile
flevoland	flevoland
mononukleose	mononucleosis
minsk	minsk
audiologi	audiology
torsk	cod
colombia	colombia
regnbue	rainbow
lignelse	simile
frisor	hairdresser
arnold	arnold
garver	tanner
samaritaner	samaritan
epentese	epenthesis
vandkoger	teakettle
skepticisme	skepticism
estragon	tarragon
ophav	parent
kondor	condor
georgia	georgia
caracalla	caracalla
slagskib	battleship
ligeglad	indifferent
mariehone	ladybird
irer	irishman
taoisme	taoism
sufisme	sufism
raffineret	refined
eukalyptus	eucalyptus
libyen	libya
lyske	groin
akvaedukt	aqueduct
fristelse	temptation
dromme	dream
halvtreds	fifty
participere	participate
synergi	synergy
nedad	down
brakvand	brackish
terbium	terbium
etikette	etiquette
trug	trough
blafre	fly
halvdel	half
bueskydning	archery
quechua	quechua
annullere	cancel
rumfarer	spaceman
haefte	staple
laktose	lactose
haggis	haggis
venligt	friendly
indgravere	engrave
mange	many
vaerdighed	dignity
gonade	gonad
kiev	kiev
tilskaere	cut
baobabtrae	baobab
superkraft	superpower
mil	mile
chisinau	chisinau
modul	period
uddateret	outdated
hog	hawk
mandelkerne	amygdala
interpreter	translator
sum	amount
enstonig	monotonous
bibliotek	library
praecision	accuracy
creme	cream
tokyo	tokyo
jackson	jackson
sigojner	rom
undskyld	sorry
tretten	thirteen
bredband	broadband
nulpunkt	zero
tillokkende	alluring
levedygtig	viable
rap	quack
kultegning	charcoal
fedtsyl	skinflint
vor	our
sorover	pirate
heltemodig	heroic
hegn	fence
ibiza	ibiza
vod	net
asfaltere	asphalt
opmaerksom	attentive
inuitisk	inuit
router	router
palau	palau
lonningsdag	payday
genstandsled	object
hippogrif	hippogriff
tynd	slim
oman	oman
abekat	monkey
maltesisk	maltese
laespen	lisp
platugle	charlatan
forsommelse	neglect
essens	essence
montstykke	piece
snakken	chat
montenhed	money
drengepige	tomboy
gran	spruce
mekaniker	mechanic
napoli	naples
drys	pinch
vabenarsenal	arsenal
krabbe	crab
beundre	admire
forsla	suggest
renaessance	renaissance
morkets	nightfall
heden	hence
storre	bigger
asiat	asian
indfore	feed
nedskrive	book
etrurien	etruria
pund	pound
bermuda	bermuda
rekreation	recreation
hook	hook
pyrenaeerne	pyrenees
baer	berry
invadere	invade
arme	army
talmod	patience
lindrende	soothing
magnetisme	magnetism
gummiged	loader
navarra	navarre
metallurgi	metallurgy
nittende	nineteenth
froaeder	frog
russofobi	russophobia
muskel	muscle
forsorge	provide
ruthenium	ruthenium
afslappet	casual
byrde	burden
insektaeder	insectivore
falbyde	hawk
forvitring	efflorescence
figentrae	fig
hykler	hypocrite
kaerlighed	love
ental	singular
vist	certain
georgetown	georgetown
folgesvend	follower
ungkarl	bachelor
encyklopaedi	encyclopedia
bille	beetle
anonym	anonymous
drivgods	flotsam
hindustani	hindustani
camouflere	camouflage
tordok	drydock
usa	usa
vanaere	contempt
ugift	unmarried
suppe	soup
honolulu	honolulu
oliver	oliver
paddel	paddle
genvalg	reelection
hedonisme	hedonism
ohm	uh
resterende	remaining
fiskeagtig	fishy
bevidne	record
rytterfane	banner
genitiv	genitive
hojtaler	loudspeaker
ankomme	arrive
sublim	sublime
gulbrun	tawny
aerkebisp	archbishop
kiromanti	chiromancy
sammen	together
orlov	leave
gudskelov	hallelujah
flercellet	multicellular
aegthed	authenticity
smyrna	smyrna
mobel	furniture
firenze	florence
muhammed	muhammad
utalmodighed	impatience
hinduisk	hindu
echo	echo
stavemade	spelling
ligbraending	cremation
sting	stitch
besiddelse	property
appelsintrae	orange
pilekogger	quiver
end	than
skraeppe	chatter
spisetid	dinnertime
gentaget	repeated
behandle	dress
cenote	cenote
dualis	dual
squash	courgette
ogenavn	nickname
lommeregner	calculator
fragment	fragment
kulhydrat	carbohydrate
syvtal	seven
knytnaeve	fist
tunesisk	tunisian
fordampning	evaporation
information	information
farao	pharaoh
elendighed	misery
faggraense	demarcation
tosse	mug
kartouche	cartouche
vimpel	streamer
gnu	gnu
petroleum	kerosene
ornitolog	ornithologist
oostende	ostend
klage	cry
betinget	conditional
skovsneppe	woodcock
vejlederen	instruction
ordklover	pettifogger
tekniker	technician
jade	jade
admittans	admittance
topmode	summit
gronlaender	greenlander
kommentar	comment
udgravning	dig
labrador	labrador
antenne	aerial
charmere	charm
noglering	keyring
loppetjans	sinecure
jordklode	globe
sevilla	seville
forkaste	explode
transplantat	transplant
psykose	psychosis
rural	rural
attener	eighteenth
arisk	aryan
odsel	spendthrift
spraenghoved	warhead
cyklist	cyclist
hanhest	stallion
dennelunde	thus
lokalisere	localize
baevren	judder
moraene	moraine
entomologi	entomology
florere	flourish
sportsudover	athlete
hjorneklap	wallflower
silke	silk
erfaren	veteran
koncentrat	essence
urovaekkende	anxious
indfatning	rim
forstuvning	sprain
lukian	lucian
melk	light
haevd	custom
kontrafej	portrait
gestalt	gestalt
tetraeder	tetrahedron
pyjamas	pajamas
mausoleum	mausoleum
finish	finish
fondue	fondue
montserrat	montserrat
sensuel	sultry
materiale	material
accelerere	accelerate
skorsten	chimney
militaer	military
smuglytte	eavesdrop
abigail	abigail
praia	praia
reptil	reptile
oksehoved	hogshead
lodden	hairy
uluru	uluru
frodig	voluptuous
udvortes	external
dodelighed	mortality
marius	marius
erik	eric
maria	mary
oxygenatom	oxygen
europium	europium
heltal	integer
demens	dementia
jaerv	wolverine
kvittering	receipt
diplomat	diplomat
selvlyd	vowel
pungdyr	marsupial
engobe	engobe
sagforer	lawyer
tankskib	tanker
januar	january
latent	latent
automatgear	automatic
bisamrotte	muskrat
underforsta	understand
albin	albin
spejl	mirror
tid	time
etnisk	ethnic
submarin	submarine
flerumaettet	polyunsaturated
udfladning	flare
snublen	stumble
vemod	melancholy
talsror	mouthpiece
overbringe	deliver
horfro	linseed
kiwi	kiwi
arkitekt	architect
forlose	deliver
tunnel	tunnel
smertelig	painful
palaegge	enjoin
naervaer	presence
navn	name
fundere	wonder
idyllisk	idyllic
observator	observer
uberegnelig	capricious
aflob	drain
jordnod	peanut
konflikt	conflict
baermispel	serviceberry
maelkesukker	lactose
traefning	combat
slup	sloop
antroposofi	anthroposophy
geomorfologi	geomorphology
kobsla	haggle
profeti	prophecy
vejr	weather
fermium	fermium
skamfere	disfigure
kashmir	kashmir
apopleksi	stroke
tartan	tartan
alder	age
snydepels	charlatan
plagiat	plagiarism
regnskab	accounting
jeremias	jeremiah
lipid	lipid
pral	boast
kvantitet	quantity
vaemmelse	disgust
glaskal	kohlrabi
visk	whisk
asmara	asmara
ofre	sacrifice
teoretiker	theorist
hormon	hormone
bedrager	fraud
stump	morsel
tja	well
timian	thyme
foranledige	occasion
mali	mali
dor	door
tilhovle	dress
skjoldholder	supporter
kvaeg	cattle
triumfere	triumph
overvagning	surveillance
alandsoerne	aland
fodskammel	footstool
hoven	uppity
diskos	discus
kano	canoe
malawi	malawi
bums	pimple
slovensk	slovene
aerbodighed	deference
rytme	rhythm
fedende	fattening
eskimoisk	eskimo
samvittighed	conscience
forsorg	welfare
udvikler	developer
signal	signal
uge	week
indisk	indian
deviere	deviate
nina	nina
pastinak	parsnip
fastsaette	set
data	data
irak	iraq
whist	whist
rase	rage
gennembrud	breakthrough
klorofyl	chlorophyll
ateofobi	atheophobia
paryk	wig
fromand	frogman
jordstykke	patch
krukke	pot
plante	plant
direktor	manager
gloseliste	glossary
kampvogn	tank
tatovering	tattoo
slaegtning	relation
pizza	pizza
gram	gram
skandinav	scandinavian
radsherre	councilman
gel	gel
misse	miss
dermed	therewith
knippe	sheaf
invitere	invite
imitation	imitation
prissaette	price
besvime	faint
vaering	varangian
graenseland	march
beklage	regret
udstoppe	stuff
vagabund	tramp
september	september
gift	married
smugkro	speakeasy
kalcium	calcium
kabinet	ministry
humpen	hobble
parorende	relative
trae	tree
faldlem	trapdoor
jodisk	jewish
landskab	landscape
sapfo	sappho
aragonien	aragon
skjald	skald
velmagtsdage	heyday
kulbrinte	hydrocarbon
klem	ajar
fobi	phobia
autokrati	autocracy
piskeris	whisk
akademi	academy
komintern	comintern
haemmer	inhibitor
feminisme	feminism
lommetyv	pickpocket
hunraev	vixen
irritabel	peckish
praeparation	preparation
fedme	obesity
svigte	fail
blodgore	soften
tyrker	turk
undulat	budgerigar
permanganat	permanganate
fingeraftryk	fingerprint
abdicering	abdication
vanhellige	desecrate
sportsidiot	jock
brugbar	usable
dunkerque	dunkirk
tilintetgore	annihilate
musket	musket
likviditet	liquidity
bukketorn	wolfberry
skane	scania
madlyst	appetite
gerundium	gerund
himmel	sky
ovn	oven
bandage	bandage
uretmaessig	illegitimate
pirateri	piracy
afbryde	interrupt
eskadron	squadron
organisere	organize
kongestun	kingston
naturligvis	obviously
toiletpapir	tissue
schlesisk	silesian
kaeberasler	belt
bokmal	bokmal
forbavse	astonish
drille	tease
joule	joule
migrant	migrant
koreaner	korean
forhindre	abstain
spiller	player
hvaes	wheeze
rubel	ruble
retfaerdig	fair
svaekkes	flag
campingvogn	caravan
attende	eighteenth
forhekset	bewitched
baltisk	baltic
ord	word
wisla	vistula
type	type
held	luck
kanalvaelger	dial
lygtepael	lamppost
tjaere	tar
stiver	strut
menu	menu
granit	granite
bogetrae	beech
underkop	saucer
henrikke	henrietta
hebriderne	hebrides
mikael	michael
kop	cup
dialekt	dialect
allah	allah
ostriger	austrian
krebsen	cancer
susanne	susan
koalabjorn	koala
pepsi	pepsi
florida	florida
slap	floppy
landingsbane	runway
android	android
blog	blog
badedragt	swimsuit
pagode	pagoda
dexter	dexter
besudle	soil
bulgarer	bulgarian
irland	ireland
uanset	whatever
skakbraet	chessboard
glorie	halo
tokimbladede	dicotyledon
bestialsk	bestial
geneve	geneva
handvaerk	craft
fortolkning	reading
poesi	poetry
evne	ability
kolsvin	keelson
orkester	orchestra
moderne	contemporary
hyle	yelp
sneskred	avalanche
peberbosse	caster
ambolt	anvil
overalt	everywhere
origami	origami
kobe	buy
utvivlsom	unequivocal
makro	macro
herfra	hence
defaitistisk	defeatist
borgerskab	citizenship
kanel	cinnamon
periodikum	periodical
intravenos	intravenous
maron	maroon
vil	will
hojdedrag	down
jesus	jesus
haret	hairy
kryptere	encrypt
banal	light
tunnelbane	metro
falme	fade
svine	soil
himmelsk	celestial
kompromislos	uncompromising
karneval	carnival
gladiator	gladiator
staekbar	ductile
transformer	transformer
astrologi	astrology
magma	magma
walkman	walkman
narnia	narnia
geoide	geoid
fjord	fjord
tre	three
diktator	dictator
oversaetter	translator
jakarta	jakarta
fremmedord	loanword
kejserrige	empire
gase	gander
skrumpelever	cirrhosis
forum	forum
venlighed	kindness
slagtoj	percussion
donut	doughnut
fakultet	factorial
sultelon	pittance
parodi	parody
praesident	president
astana	astana
bandbredde	bandwidth
troje	shirt
marokkansk	moroccan
sudetenland	sudetenland
lovetand	dandelion
refektorium	refectory
jodedom	judaism
blodtorst	bloodlust
vandhane	tap
tillaegsform	participle
skrin	box
metonymi	metonymy
menstruere	menstruate
norge	norway
tvekonnet	hermaphrodite
tyk	thick
forklaring	explanation
bandlysning	excommunication
strompe	stocking
korsikansk	corsican
tastefejl	typo
gemytlighed	gemutlichkeit
pelargonie	geranium
bestyrer	manager
skovsnegl	slug
aert	pea
testning	invigilation
drivrem	belt
forlaengelse	extension
belgisk	belgian
tebrev	teabag
martial	martial
enaresoen	inari
betragte	observe
istap	icicle
euklidisk	euclidean
varsomt	gingerly
blomme	plum
somme	nail
neptun	neptune
byblos	byblos
bungalow	bungalow
udbredelse	spread
geek	geek
kog	polder
radius	radius
galop	gallop
fiskal	fiscal
snefald	snowfall
medisk	median
klipse	clip
gentagelse	repetition
utaknemmelig	thankless
vorte	wart
blondine	blond
korsnaeb	crossbill
gonore	gonorrhea
funktion	function
ridder	knight
skuespil	play
brysk	brusque
cheyenne	cheyenne
snuble	stumble
knagen	creak
glycin	glycine
rettroende	orthodox
sende	send
numerisk	numerical
skik	custom
passager	passenger
advent	advent
buskads	thicket
barrikade	barricade
jambisk	iambic
refraktion	refraction
metal	metal
rordrum	bittern
gevaerhane	hammer
galler	gaul
steril	sterile
underverden	underworld
sladrende	catty
grotte	grotto
vandfast	waterproof
ubekymret	carefree
badevaerelse	bathroom
monoumaettet	monounsaturated
afbraending	burn
kvaelertag	choke
balustrade	balustrade
danne	queue
akvavit	aquavit
misfarvning	discoloration
syndikat	syndicate
navnetillaeg	apposition
charme	charm
mjav	meow
alsace	alsace
foliering	foliation
vaedderen	aries
slum	slum
fugl	bird
klimatologi	climatology
sfinksen	sphinx
efterligning	imitation
ritual	ritual
nynorsk	nynorsk
chintz	chintz
konslos	neuter
diskriminant	discriminant
permission	leave
jer	you
klode	globe
hegle	hackle
bukser	pants
astrakhan	astrakhan
arkebuse	harquebus
filt	felt
lingvist	linguist
skolopender	centipede
lithosfaere	lithosphere
ninja	ninja
aden	aden
sommerfugl	butterfly
intetsigende	inane
beharet	hairy
automobil	car
skifting	changeling
ibenholt	ebony
nedlagre	download
oliven	olive
surjektiv	surjective
sopapegoje	puffin
tanke	thought
stodslaede	ram
isoterm	isothermic
erbium	erbium
uduelig	feckless
femtende	fifteenth
kongedomme	kingdom
bagvaerk	pastry
faelleskon	common
mobelsnedker	joiner
handlende	shopkeeper
hvirveldyr	vertebrate
brede	spread
onkologi	oncology
fornojet	cheerful
stikke	snitch
nagykanizsa	nagykanizsa
forlovelse	engagement
skraemme	faze
odessa	odessa
stralende	resplendent
kopula	copula
slovak	slovak
saltholdig	salt
trio	threesome
abbed	abbot
fornemmelse	sense
guitar	guitar
krucifiks	crucifix
defaitisme	defeatism
besla	shoe
transaktion	transaction
tilpasse	fit
tyrkiet	turkey
overga	exceed
johannesbrev	john
prise	celebrate
sarder	sardinian
bagkrop	abdomen
fosforsyrlig	phosphorous
mest	most
rakel	rachel
thuringen	thuringia
janitshar	janissary
baenkebider	woodlouse
ligesa	too
overilet	precipitate
omstridt	controversial
susen	murmur
nazisme	nazism
raesonnere	reason
pors	gale
bank	bank
tankbil	tanker
flegmatisk	phlegmatic
venligsindet	friendly
had	hatred
idag	today
lektier	homework
bueskytte	archer
konisk	conical
drengelus	cootie
vide	know
medlober	follower
teknokrati	technocracy
bootien	boeotia
alk	razorbill
ida	ida
dufte	smell
resurse	resource
motiv	motive
ore	ear
galge	gallows
synagoge	synagogue
balkon	balcony
hvepsetalje	waist
harpisk	queue
knar	knorr
vildt	game
spionage	espionage
fortryllelse	spell
handsbred	handful
connecticut	connecticut
aesop	aesop
natasja	natasha
uro	unrest
bindebue	tie
trael	slave
plageand	pest
faret	sheepish
taxie	taxi
torst	thirst
journalist	journalist
urgammel	ancient
armhule	armpit
fritte	ferret
rocker	biker
koreansk	korean
synonym	synonym
nedtrykthed	dejection
vejrandoje	wall
storsejl	mainsail
kile	wedge
liktorbundt	fasces
stopmaet	stuffed
krumsabel	scimitar
amobe	amoeba
tiltalende	attractive
gotfred	godfrey
sladder	gossip
anton	anthony
taktik	tactics
khan	khan
forhale	procrastinate
lynkrig	blitzkrieg
iglo	igloo
jordskaelv	earthquake
balsamisk	balmy
fordoje	digest
slikpind	lollipop
tolv	twelve
glemt	forgotten
hvirvel	swirl
hylde	shelf
steddatter	stepdaughter
immer	ever
oligarki	oligarchy
kare	choose
vind	wind
bagud	behind
kosmos	cosmos
sagte	soft
forkolelse	cold
infrarod	infrared
frugtkod	flesh
bindeord	conjunction
flodbolge	tsunami
jonathan	jonathan
sevaerdighed	sight
savvaerk	sawmill
kubismen	cubism
brems	botfly
intern	internal
forenkle	simplify
fire	four
papmor	stepmother
trompetstod	trumpet
gradvis	gradually
rosti	rosti
titrering	titration
handled	wrist
befrugte	impregnate
flankere	flank
underskrift	signature
baever	beaver
bakteriologi	bacteriology
friser	frisian
datamat	computer
vilhelmine	wilhelmina
scientolog	scientologist
byradsmedlem	councilman
lukkelyd	plosive
laebe	lip
nevada	nevada
traktor	tractor
mortelbraet	hawk
flonel	flannel
dover	dover
barberkniv	razor
cykling	cycling
mytteri	mutiny
gebyr	fee
larme	bellow
skriftlig	textual
hvidhval	beluga
subkutan	subcutaneous
nationalisme	nationalism
ligter	lighter
konvolut	envelope
cola	cola
rapport	report
oregon	oregon
stork	stork
blaffer	hitchhiker
anabolisme	anabolism
katte	cat
misunde	grudge
formiddag	morning
syren	lilac
skruenogle	wrench
brunnakke	wigeon
bandy	bandy
cafe	cafe
partnerskab	partnership
udstrykkelig	explicit
lyskaede	festoon
croissant	croissant
anders	andrew
sjettedel	sixth
pasform	fit
knogle	bone
standpunkt	stand
mozambique	mozambique
ubegribelig	incomprehensible
yderpol	extreme
pincet	tweezers
pulver	powder
sabbat	sabbath
hydrolyse	hydrolysis
maner	foible
abrikostrae	apricot
spillemand	fiddler
sumerisk	sumerian
baden	baden
matador	monopoly
voldsom	severe
aekvivalent	equivalent
nilen	nile
vantro	infidel
downloade	download
substantiv	noun
tredve	thirty
negle	pinch
vride	wring
slor	veil
malmand	goalkeeper
synsvinkel	angle
diaspora	diaspora
fiskerkone	fishwife
amur	amur
snefane	snowdrift
krolle	wrinkle
engsnarre	corncrake
amen	amen
lysdiode	led
maet	full
charybdis	charybdis
blomkal	cauliflower
planetoide	asteroid
bbc	bbc
vanuatu	vanuatu
jonglering	juggling
absolut	absolutely
tokelau	tokelau
muh	moo
hegeliansk	hegelian
opfatte	understand
brandsar	burn
melissa	melissa
snaksom	talkative
latinsk	latin
vold	bank
udfordring	challenge
delegation	delegation
soskende	sibling
fresko	fresco
beskadige	damage
platan	plane
kalke	plaster
kermesbaer	pokeweed
tyfus	typhus
harve	harrow
fedtklump	fatso
fodested	birthplace
skylde	blame
patrulje	patrol
kosovo	kosovo
partner	partner
canada	canada
alperne	alps
undvige	duck
velovervejet	deliberate
faestning	fortress
skraber	razor
tantal	tantalum
urinror	urethra
freske	fresco
kalhogen	sassy
germanium	germanium
babisme	babism
elfenben	ivory
privilegium	prerogative
asfalt	asphalt
mynte	mint
viskos	viscous
kaetteri	heresy
laeser	reader
guenevere	guinevere
medlem	member
hasselnod	hazelnut
caesium	caesium
rumaensk	romanian
podium	dais
udskaering	cut
ornerede	eyrie
elementer	element
vant	shroud
gravko	excavator
notesbog	notebook
neodym	neodymium
pigsko	spike
lynnedslag	lightning
skolepige	schoolgirl
jaette	jotun
server	server
komfort	comfort
lobbye	lobby
drillepind	tease
neurotiker	neurotic
implicit	implicit
korbaer	dewberry
intensivere	intensify
folgende	following
lanthan	lanthanum
luvside	windward
bukke	bow
ankermand	anchorman
philtrum	philtrum
kosteskaft	broomstick
losne	loosen
brevkort	postcard
snot	snot
tyveri	theft
radioaktiv	radioactive
saks	scissors
ladning	charge
homogenitet	homogeneity
behaendig	skilful
stromstyrke	current
dup	stud
blind	blind
protestant	protestant
sorgfri	carefree
ankel	ankle
arvefolge	succession
makrel	mackerel
undga	cheat
belaerende	didactic
trille	run
antabus	antabuse
bestikke	bribe
tragedie	tragedy
donning	swell
mursten	brick
forstad	suburb
tilhore	belong
josephine	josephine
behandling	therapy
tomler	hitchhiker
sjover	cur
meldug	mildew
skoledreng	schoolboy
dagligsprog	colloquial
studie	study
hertug	duke
dna	dna
idelig	ever
finansiel	financial
statsmand	statesman
buddhisme	buddhism
herodot	herodotus
schlesier	silesian
rosa	rose
kornblomst	cornflower
datter	daughter
kahyt	cabin
fnyse	grunt
haerfugl	hoopoe
dysleksi	dyslexia
omsorg	care
finde	find
mekka	mecca
canadier	canadian
knaeler	mantis
landbrug	agriculture
tertiaer	tertiary
umulig	impossible
tepose	teabag
deden	thence
snakkesalig	voluble
besvarelse	reply
snurretop	top
mums	yum
geolog	geologist
accent	accent
godnatsang	lullaby
vandvaerk	waterworks
rappe	quack
folkestamme	tribe
trovaerdig	believable
bronkitis	bronchitis
ytre	utter
aer	maple
kliche	stereotype
birk	birch
brodkurv	breadbasket
sorgedigt	elegy
hvisken	whisper
udmunding	mouth
budget	budget
sojabonne	soy
overfrakke	overcoat
moral	morality
klasselokale	classroom
rift	tear
genova	genoa
helleflynder	halibut
sardinien	sardinia
schankel	nexus
gry	twilight
sjakal	jackal
ubeslutsom	indecisive
orkenrotte	gerbil
stofskifte	metabolism
slagge	slag
pyramide	pyramid
grotesk	grotesque
kompromis	compromise
menig	private
jeres	your
prutte	haggle
sammenkaede	link
uploade	upload
overskyet	cloudy
frase	phrase
moderfar	ewe
negerbarn	pickaninny
torfisk	stockfish
rimelig	fair
flertal	majority
skode	deed
assamesisk	assamese
japansk	japanese
dertil	thereto
klusil	plosive
tabel	table
tranebaer	cranberry
oldenborre	cockchafer
mikroskopisk	microscopic
chassis	chassis
sut	pacifier
yvonne	yvonne
skraeddersy	customize
egenradig	licentious
kaere	dear
gelejde	accompany
munchen	munich
veksle	break
glossarium	glossary
synsk	clairvoyant
fars	forcemeat
vaerksted	workshop
louisiana	louisiana
overvaegtig	overweight
uranus	uranus
crawl	crawl
struktur	fabric
fjeld	fjeld
saerhed	idiosyncrasy
shoppe	shop
frederik	frederick
logion	logion
kaebe	jaw
plys	pooh
stonne	groan
kaldaeisk	chaldean
klagesang	elegy
halvfjerds	seventy
tungsind	ennui
pakalde	invoke
orinoco	orinoco
regnskov	rainforest
kvaeker	quaker
aflytning	tap
aura	aura
rabies	rabies
laks	salmon
luvart	windward
saulus	saul
island	iceland
antropologi	anthropology
hyperlink	hyperlink
tigris	tigris
sabel	sabre
fascisme	fascism
koldbrand	gangrene
blaffe	hitchhike
jakkesaet	suit
fugtig	damp
livisk	livonian
intetkon	neuter
tabu	taboo
ubekendt	unknown
arier	aryan
greve	count
bredside	broadside
orestikke	stud
marie	mary
topologi	topology
pragmatisk	pragmatic
somalia	somalia
babylon	babylon
bavl	babble
java	java
neuron	neuron
tungsindig	pensive
fjernsyn	television
slethvar	brill
festskrift	festschrift
abdullah	abdullah
pentagram	pentagram
lommelygte	flashlight
ionien	ionia
vaccine	vaccine
diskutere	discuss
baryton	baritone
nive	pinch
sicilien	sicily
monoteistisk	monotheistic
nyttelos	futile
gardsplads	courtyard
knib	pinch
glasnost	glasnost
losen	password
flueknepperi	nitpicking
teleskop	telescope
pastaet	alleged
khat	khat
mosaik	mosaic
richard	richard
svindel	fraud
isotropi	isotropy
komponist	composer
tjenestemand	official
eof	eec
galaktose	galactose
fertilitet	fertility
baenk	bench
tyve	twenty
zimbabwe	zimbabwe
husskade	magpie
hitler	hitler
gaer	yeast
migraene	migraine
jordan	jordan
yucatan	yucatan
synopsis	synopsis
mia	mia
omklaedning	change
livmoder	womb
barbering	shave
afsked	leave
enare	inari
klientel	clientele
pantsaetning	pawn
chutney	chutney
espingol	blunderbuss
muffe	sleeve
harald	harold
gravid	pregnant
bjergirisk	twite
loke	loki
beslutsomhed	decision
knor	knorr
facilitator	facilitator
orden	order
gregers	gregory
alberta	alberta
opdragelse	education
relevante	germane
fortaellende	narrative
lever	liver
padde	toad
simone	simone
kaep	stick
medalje	medal
burger	burger
bassin	basin
platinplade	platinum
realismen	realism
vortesvinet	warthog
symmetri	symmetry
kertj	kerch
armenien	armenia
hypotetisere	hypothesise
recitere	recite
dopamin	dopamine
sonet	sonnet
forbitret	bitter
vikar	temporary
panteisme	pantheism
semantik	semantics
peking	beijing
intetsteds	nowhere
kreml	kremlin
junta	junta
enebaer	juniper
fleksibel	flexible
indsamling	collection
cafeteria	cafeteria
deltagelse	participation
urostifter	gadfly
lojtnant	lieutenant
kleopatra	cleopatra
skulptur	sculpture
gaeret	fermented
bevidsthed	consciousness
bissau	bissau
moblere	furnish
farehyrde	shepherd
haevdelse	maintenance
elev	pupil
odin	odin
drom	dream
siameser	siamese
kaerte	taper
velsagtens	arguably
nedkomme	deliver
aktivist	activist
kefeus	cepheus
flaenge	tear
skvadre	blather
biologi	biology
bremen	bremen
kartoffel	potato
sandwich	sandwich
revers	revers
facon	way
hypnotisere	mesmerize
kihnu	kihnu
laespe	lisp
empirisk	empirical
opfindsomt	ingenious
argon	argon
muskulaer	muscular
nyskabende	innovative
orred	trout
alkove	alcove
nedladende	condescending
tintoj	pewterware
tredje	third
raev	fox
sael	seal
teskefuld	teaspoonful
pabyde	enjoin
teaktrae	teak
kolera	cholera
uagtsom	careless
hypnotisor	hypnotist
tagalog	tagalog
serbisk	serbian
forstaerke	tone
lord	lord
rigelig	ample
enkemand	widower
forelskelse	limerence
mumie	mummy
tinnitus	tinnitus
farbror	uncle
mere	more
unaturlig	unnatural
paen	nice
dragon	dragoon
sikhisme	sikhism
laest	last
fyrstedomme	principality
jordhule	burrow
endegyldig	final
hekate	hecate
praeparat	preparation
lamsla	dumbfound
hercegoviner	herzegovinian
hakkebraet	dulcimer
anopi	anopia
infektion	infection
korsikaner	corsican
kritik	criticism
resistivitet	resistivity
kniplepind	bobbin
slank	slim
faerdsel	traffic
etnologi	ethnology
koala	koala
agere	act
despoti	despotism
defaitist	defeatist
ordbog	dictionary
alesund	alesund
svensker	swede
pengeskab	safe
habil	able
hydrogen	hydrogen
skipper	skipper
brod	bread
rismark	paddy
cedertrae	cedar
velfaerd	welfare
tarnfalk	kestrel
knudekal	kohlrabi
panama	panama
loppe	flea
natalie	natalie
teori	theory
beregne	figure
overengel	archangel
pasta	pasta
protein	protein
omvej	detour
asbest	asbestos
dun	down
graand	mallard
indkast	insertion
synthesizer	synthesizer
fuglesang	birdsong
kroning	coronation
navneord	noun
asketrae	ash
alkyn	alkyne
zairefloden	congo
omfavne	hug
ekstensiv	extensive
drov	cud
epifyt	epiphyte
krosus	croesus
piratfisk	piranha
tatarstan	tatarstan
fjende	enemy
barpige	bartender
kasket	hat
slebet	cut
abakan	abakan
telegraf	telegraph
slovakisk	slovak
artusinde	millennium
kald	metier
nogtern	level
gertrud	gertrude
vilnius	vilnius
omgivelse	surroundings
smalig	stingy
spinde	weave
dendrologi	dendrology
abraham	abraham
darwinisme	darwinism
badeskur	boathouse
forfatte	write
skandalos	scandalous
ophavsmand	originator
udnaevne	queen
odder	otter
mistelten	mistletoe
safran	saffron
ungarn	hungary
glente	kite
maleudstyr	instrument
blandt	among
tegnefilm	cartoon
vejgaffel	fork
piccolo	bellboy
ostenvind	easterly
snob	snob
haeler	receiver
jordsvin	aardvark
beduin	bedouin
mejsel	chisel
disk	counter
dyrekreds	zodiac
sekundant	second
flygtig	fugitive
konto	account
gangart	walk
bangkok	bangkok
link	link
tilsta	confess
indiana	indiana
frisisk	frisian
neurotisk	neurotic
apropos	apropos
singularis	singular
fratraedelse	vacation
kradse	claw
lusaka	lusaka
revolution	revolution
rygklapper	sycophant
rolf	rudolph
virginia	virginia
antagelse	assumption
hellig	holy
oplevelse	experience
undtagelse	exception
glansfuld	lustrous
anvende	work
persefone	persephone
roseau	roseau
her	here
split	split
burmeserkat	burmese
wienerbrod	danish
jonas	jonah
programmel	software
potte	pot
klokken	time
hval	whale
harke	hawk
pip	tweet
blomstre	flower
densitet	density
palatal	palatal
filo	phyllo
kegle	cone
blegemiddel	bleach
tvangstanke	obsession
volga	volga
smuds	squalor
spatel	spatula
hemmeligt	surreptitiously
andromeda	andromeda
genom	genome
metrosexuel	metrosexual
plus	plus
diskussion	discussion
polonium	polonium
paklaedning	dress
haggaj	haggai
kvabso	lumpsucker
barium	barium
martinique	martinique
hedvig	hedwig
magi	magic
overdrive	exaggerate
uafskaermet	naked
rikochettere	skim
syl	awl
lagkage	cake
temperament	temper
indiansk	indian
lud	lye
kende	know
afgraenset	restricted
levested	habitat
save	saw
braendstof	fuel
pudsecreme	polish
katteurt	catnip
bosiddende	resident
anonymitet	anonymity
forhabentlig	hopefully
hyldebaer	elderberry
mestervaerk	masterpiece
laura	laura
knuget	despondent
forflyttelse	transfer
hid	hither
sorgmodighed	ennui
delhi	delhi
stefan	stephen
kosmetiker	cosmetologist
sinus	sine
mahogni	mahogany
spitsbergen	spitsbergen
reims	reims
maksime	maxim
sinister	sinister
forvitre	crumble
udstilling	exhibition
marchflojte	fife
dobbelttydig	ambiguous
sitre	quiver
tomat	tomato
italien	italy
uheldigvis	unfortunately
beslagsmed	farrier
havgaende	seagoing
gronsag	vegetable
satire	satire
platin	platinum
kommen	caraway
marcipan	marzipan
algeriet	algeria
saldo	balance
hjemloshed	homelessness
torp	thorp
pleonasme	pleonasm
jaguar	jaguar
zoolog	zoologist
ogruppe	archipelago
tigger	beggar
influenza	flu
opkald	call
erfaring	experience
stuk	cornice
fortand	incisor
forfranske	gallicize
symmetrisk	symmetrical
ecb	ecb
moster	aunt
sodlig	sweet
dorthea	dorothy
estisk	estonian
afprovning	invigilation
varehus	emporium
samme	same
alfa	alpha
makedonien	macedonia
marcus	mark
antaende	light
telegram	telegram
nage	nag
patronym	patronymic
patologisk	pathological
haengsel	hinge
antracit	anthracite
signe	bless
palads	palace
felix	felix
sparsomhed	parsimony
grodno	grodno
sava	sava
mad	food
viljekraft	willpower
sinecure	sinecure
gemen	vulgar
kram	hug
problematik	problematic
ultralyd	ultrasound
kemi	chemistry
moralsk	moral
minut	minute
indflydelse	influence
surrealismen	surrealism
obligatorisk	mandatory
indespaere	incarcerate
hot	hot
menneskelig	human
baelte	belt
desperation	desperation
charabanc	charabanc
muskatnod	nutmeg
wagon	van
reaktion	reaction
kaffetrae	coffee
nielsine	nicola
kulort	colored
udbener	boner
vinder	winner
sykofant	sycophant
iowa	iowa
svag	weak
herren	lord
bevogte	guard
juice	juice
antimon	antimony
augusta	augusta
blottet	naked
snemand	snowman
storhjerne	cerebrum
springer	knight
krakow	cracow
stigning	increase
pappardelle	pappardelle
ukomplet	incomplete
plutokrati	plutocracy
finer	veneer
maegtig	hugely
samurai	samurai
jasket	slapdash
behove	need
billetpris	fare
multiplayer	multiplayer
flademal	area
globus	globe
sekvens	sequence
oksekod	beef
lakrids	licorice
handklaede	towel
solvkrae	silverfish
foreren	fuhrer
aevle	babble
interlingua	interlingua
bambara	bambara
baobab	baobab
sekund	second
mexicaner	mexican
vatikanet	vatican
raket	rocket
hvorved	whereby
votisk	votic
misfornojet	dissatisfied
arkaisme	archaism
slikke	lick
gennemse	browse
havelage	hash
atmosfaere	atmosphere
faldskaerm	parachute
kollaborere	collaborate
sejlgarn	twine
ukrudt	weed
betaendelse	inflammation
logistik	logistics
smaekfuld	jammed
parvis	pairwise
elsass	alsace
ranglet	gangly
maelkebotte	dandelion
decimal	decimal
fejlagtig	erroneous
hanoi	hanoi
haglbosse	shotgun
benjamin	benjamin
blommetrae	plum
liberalisme	liberalism
simon	simon
forflytte	transfer
eidetisk	eidetic
narkoleptisk	narcoleptic
ulykke	accident
fosfolipid	phospholipid
oboist	oboist
udkort	exhausted
beskedenhed	modesty
ebro	ebro
sekstende	sixteenth
trisse	reel
mineralsk	mineral
balder	can
ekstrem	extreme
konsekvens	consequence
naesehorn	rhinoceros
seinen	seine
fotogen	photogenic
nepales	nepali
filial	branch
haefteklamme	staple
tilpasning	adjustment
degenerere	degenerate
skomager	shoemaker
luftskib	dirigible
indus	indus
rydde	clear
brandfarlig	flammable
monument	monument
bruser	shower
regnbueis	neapolitan
torso	torso
filister	philistine
abadan	abadan
edith	edith
andemad	duckweed
maelkemand	milkman
christoffer	christopher
stave	spell
milliliter	millilitre
bestanddel	component
klaeder	clothes
revling	crowberry
fodselsdag	birthday
uralsk	uralic
beskidt	dirty
markgreve	margrave
techno	techno
skinke	ham
hvorsomhelst	anywhere
hvin	whine
vellystig	voluptuous
spredning	spread
ventil	valve
nineve	nineveh
guide	guide
praemie	prize
specie	specie
overskygge	overshadow
lykkeligt	luckily
sejltur	sail
tyfon	typhoon
hovl	plane
balkan	balkan
skyldfolelse	remorse
hyld	elder
ankh	ankh
racisme	racism
fredag	friday
trone	throne
upraecis	imprecise
haengedynd	quagmire
balalajka	balalaika
fader	father
tagvindue	skylight
vindebro	drawbridge
hedenskab	paganism
hawaiigas	nene
lordag	saturday
provst	provost
urmia	urmia
morava	morava
oktet	octet
nojeregnende	fussy
vakle	reel
organisation	organization
underdanig	obsequious
asterisk	asterisk
norm	norm
hagiografi	hagiography
tilberede	prepare
forkynde	trumpet
sodet	sweet
kvasar	quasar
revisor	auditor
klosaks	claw
autokrat	autocrat
sardinier	sardinian
endestation	terminus
muaddhin	muezzin
polyteistisk	polytheistic
silkehale	waxwing
vulkan	volcano
hardknude	knot
sok	sock
hjernelap	lobe
manater	manatee
udbasunere	trumpet
tummel	tumult
lasagne	lasagna
kontinuitet	continuity
tjrm	fyrom
svangerskab	pregnancy
barcelona	barcelona
pompelmus	pomelo
ostrigsk	austrian
sonlig	filial
overvejelse	deliberation
ladestok	ramrod
udfordre	challenge
forsinke	procrastinate
proptraekker	corkscrew
nationalsang	anthem
korfu	corfu
rommy	rummy
kakaobonne	cacao
banket	banquet
eskadre	squadron
elsdyr	moose
abbedi	abbey
yams	yam
nappe	pinch
utaellelig	uncountable
jolle	dinghy
foderal	federal
solbade	sunbathe
clipse	clip
tar	drink
pesto	pesto
truet	threatened
mexico	mexico
lanse	lance
sekterisk	sectarian
syvkant	heptagon
immigrant	immigrant
heraldisk	heraldic
akse	axis
cup	cup
skanselslos	ruthless
irlaender	irishman
frugt	fruit
akrylisk	acrylic
valnoddetrae	walnut
ombudsmand	ombudsman
depression	ennui
redde	save
malaysisk	malay
exosfaere	exosphere
hanna	hannah
apsis	apse
argentinsk	argentinian
formular	form
gearstang	stick
laekkeri	dainty
aestuarium	estuary
saeter	saeter
titus	titus
funklende	bright
rug	rye
libyer	libyan
uforutsigbar	capricious
monopolisere	monopolize
nummertegn	hash
hierarkisk	hierarchical
melatonin	melatonin
knurhar	whisker
hvorefter	whereupon
kantarel	chanterelle
gradboje	compare
fortjene	deserve
kileskrift	cuneiform
svaerdlilje	flag
tegucigalpa	tegucigalpa
ara	macaw
sekundere	second
voter	vote
geni	genius
vaegten	libra
genkende	recognize
brond	well
mikrofon	microphone
savanne	savanna
galeon	galleon
rutschebane	rollercoaster
snaever	narrow
stednavn	placename
myrepindsvin	echidna
gudbarn	godchild
arsen	arsenic
vulgaer	vulgar
oktaeder	octahedron
stedord	pronoun
deprimeret	down
terrasse	terrace
allike	jackdaw
nahum	nahum
retssal	courtroom
supermarked	supermarket
briller	spectacles
pamindelse	reminder
kvaekke	croak
participium	participle
undersoge	explore
guddatter	goddaughter
dril	drill
lystig	laugh
knappenal	pin
ruth	ruth
hunlove	lioness
jonglere	juggle
kirgisien	kyrgyzstan
ceremoni	ceremony
fordomme	condemn
viskestykke	dishcloth
solur	sundial
snild	clever
arhus	aarhus
kelp	kelp
barsle	deliver
indvandrer	immigrant
graeker	greek
termliste	glossary
snigskytte	sniper
millionaer	millionaire
konceptuel	conceptual
mindretal	minority
fra	from
sin	their
kaleidoskop	kaleidoscope
pidginsprog	pidgin
peber	pepper
patos	pathos
gnide	grate
syracuse	syracuse
abigael	abigail
hawaii	hawaii
henhore	belong
omstyrte	topple
slot	castle
uformodet	abrupt
anapa	anapa
gylp	fly
start	inception
diamant	diamond
kaos	chaos
verbum	verb
kuwaiter	kuwaiti
vedhaeng	pendant
hojre	right
shorts	shorts
yangtze	yangtze
etiopien	ethiopia
behaengt	hung
smed	smith
retssag	lawsuit
majonaese	mayonnaise
svulme	swell
vejkryds	crossroads
postfrisk	mint
fan	fan
konkylie	seashell
snusk	squalor
muhammedaner	mohammedan
liger	liger
gron	green
heksekunst	witchcraft
medien	media
nokia	nokia
omkredse	circle
moderlos	motherless
mysien	mysia
bistand	aid
frejdig	bonnie
fabulere	fable
observere	observe
shiraz	shiraz
uheld	accident
nukleon	nucleon
protektorat	protectorate
bus	bus
overbevise	persuade
hikke	hiccup
liderlig	libidinous
fornuft	reason
ubestemt	indefinite
vanding	irrigation
gadget	gadget
japaner	japanese
pomfrit	chip
fjeldrype	ptarmigan
katmandu	kathmandu
fungibel	fungible
pirat	pirate
lyre	lyre
ophaengt	hung
katalysator	catalyst
skansk	scanian
sjal	shawl
maddike	maggot
bagage	luggage
nydelse	relish
flammekaster	flamethrower
aparte	fond
belgien	belgium
tilsole	soil
kviksand	quicksand
sarkofag	sarcophagus
kreationist	creationist
bornehjem	orphanage
svarperson	respondent
attendedel	eighteenth
traettes	languish
forfolge	pursue
klit	dune
fenylalanin	phenylalanine
overskride	exceed
ansvarsfuld	responsible
misbruge	abuse
pariserinde	parisian
triangel	triangle
vokal	vowel
alvorlig	serious
juble	rejoice
tradlos	wireless
bangui	bangui
bag	behind
tirsa	tirzah
tapir	tapir
panda	panda
produktiv	prolific
idiotsikker	foolproof
vaje	wave
fiffig	shrewd
pikardiet	picardy
sukat	citron
halsband	collar
tylvt	dozen
tvetydig	ambiguous
newtonsk	newtonian
redning	save
mejer	harvestman
fysiker	physicist
foraelder	parent
livland	livonia
bratsch	viola
arabien	arabia
spedalskhed	leprosy
dognflue	ephemeral
sorglos	carefree
reproduktion	reproduction
tyren	taurus
malerisk	picturesque
kromosomal	chromosomal
ansigtstraek	feature
genovesisk	genoese
fiske	piscatory
tilstopning	congestion
blodersyge	haemophilia
musvage	buzzard
bjorn	bear
tromso	tromso
baseret	based
bemande	man
svomme	swim
kysse	kiss
lagre	store
aftensmad	supper
vaterpas	level
tornado	tornado
korrigere	right
snorkel	snorkel
kemikalie	chemical
galopere	gallop
kobling	clutch
krumtaphus	crankcase
hviss	iff
pangaea	pangaea
politistav	baton
ledsage	accompany
elitistisk	elitist
tikamp	decathlon
tankvogn	tanker
niels	nicholas
oje	eye
excellence	excellency
sogn	parish
kamaeleon	chameleon
kentaur	centaur
spjaette	jump
vilhelm	william
vilddyr	beast
jasmin	jasmine
frankere	stamp
drengene	boy
menighed	ward
haussist	bull
humanisme	humanism
catalonsk	catalan
jonien	ionia
topskarv	shag
bibliotekar	librarian
taknemlig	grateful
molekyle	molecule
trubadur	troubadour
kriminologi	criminology
krav	demand
tvinge	force
basalt	basalt
orissa	odisha
poststempel	postmark
vallon	walloon
anis	anise
bartender	bartender
kryster	poltroon
aristokrati	aristocracy
mobbe	bully
halte	hobble
aktieoption	option
oceanisk	oceanian
talkum	talcum
uofficiel	unofficial
johanna	joanna
krybdyr	reptile
gensidig	mutual
spaerre	block
beslaglaegge	seize
pullert	bollard
prut	wind
shah	shah
kaffebonne	coffee
medbetydning	connotation
debat	debate
dialog	dialogue
epimetheus	epimetheus
myriade	myriad
glemsel	oblivion
londoner	londoner
nylig	recent
optimere	optimize
rogn	roe
delta	delta
rodhals	robin
forbandet	cursed
carcinogen	carcinogen
sfd	gcd
autenticitet	authenticity
gnier	miser
lagune	lagoon
mongoliet	mongolia
nip	sip
nike	nike
nederlag	defeat
frimurer	freemason
pris	price
drivtommer	driftwood
polymerisere	polymerize
flerarig	perennial
smide	shy
genfersoen	geneva
forceret	crash
geografisk	geographic
melodisk	sweet
foretagende	enterprise
vermont	vermont
lars	laurence
lutsk	lutsk
ettal	one
solbraendt	tan
skala	scale
malke	milk
malurt	wormwood
kurfyrste	elector
indviklethed	complexity
nervost	nervously
besked	message
darlig	bad
utryg	insecure
arizona	arizona
agerkarl	usurer
banan	banana
gervold	gerald
hersker	lord
hamburger	hamburger
orevoks	earwax
abacus	abacus
gulland	gotland
elias	elijah
portugal	portugal
fez	fez
stanse	stamp
virtuos	virtuoso
kommunist	communist
velordnet	orderly
simulere	feign
forfalsker	forger
bio	cinema
gaelde	apply
belejlig	opportune
flange	flange
ordinaer	vulgar
programmor	developer
ufodt	unborn
sachsen	saxony
myre	ant
sjagger	fieldfare
wikiholisme	wikiholic
fotograf	photographer
attentatmand	assassin
aeter	ether
konkurrere	compete
stavlygte	flashlight
herman	herman
gradbojning	comparison
episk	epic
danzig	gdansk
indlevere	deliver
engelsk	english
rugby	football
taljemal	waistline
nessie	nessie
otologi	otology
eksem	eczema
seng	bed
ariadne	ariadne
femkant	pentagon
fakir	fakir
langskibs	alongside
euterpe	euterpe
rove	rob
hvile	rest
indbyde	invite
angola	angola
kapacitor	capacitor
vansoen	van
faenge	kindle
miste	lose
gylden	golden
aikido	aikido
tiberen	tiber
indkomst	income
krat	thicket
israeler	israeli
bivoks	beeswax
boomerang	boomerang
leg	play
navle	navel
laerebog	textbook
dusin	dozen
puge	hoard
koresyg	carsick
flamboyant	flamboyant
elendig	miserable
quisling	quisling
tilfredshed	satisfaction
hjelm	helmet
kogebog	cookbook
ingermanland	ingria
donere	donate
gunnar	gunter
annihilere	annihilate
afrikansk	african
granske	scrutinize
paraply	umbrella
hjerte	heart
zone	zone
nulstille	zero
panere	bread
sofarer	seafarer
vaegtloshed	weightlessness
stikkelsbaer	gooseberry
barriere	barrier
ombaere	deliver
petrograd	petrograd
optegnelse	record
slibe	cut
benaevnelse	designation
midnat	midnight
israel	israel
etymologi	etymology
poppeltrae	poplar
laurasien	laurasia
keratin	keratin
kvote	quota
moa	moa
indprente	brand
plzen	pilsen
erotica	erotica
katalog	catalogue
agterende	stern
burmesisk	burmese
zelkova	zelkova
trykke	squeeze
oplag	edition
vejrhane	weathercock
iliaden	iliad
aeggeleder	oviduct
koffeinfri	decaffeinated
snorkle	snorkel
gerningsmand	perpetrator
overpris	surcharge
kyse	bonnet
behagelighed	comfort
surinam	suriname
navnebroder	namesake
unodvendig	unnecessary
seneca	seneca
uld	wool
thrips	thrips
citrongul	lemon
dommerbogen	judges
tare	tear
farvelos	blank
dagligt	daily
gyldenbrun	tawny
dorlos	doorless
foreteelse	phenomenon
toplos	topless
nicosia	nicosia
opsaetsig	uppity
begavet	talented
fjer	feather
nigeria	nigeria
brydning	refraction
kruset	ruffled
tjener	waiter
baku	baku
endoskopi	endoscopy
anatolien	anatolia
hafnium	hafnium
armenisk	armenian
eddike	vinegar
billige	countenance
glodenet	mantle
marinebla	navy
blodning	bleed
livsstil	lifestyle
koral	coral
tvebak	rusk
beklaede	dress
uautoriseret	unauthorized
kodaeder	carnivore
waliser	welshman
franker	frank
troldkarl	warlock
besvimelse	faint
abbeville	abbeville
sky	cloud
opfinde	devise
drivhus	greenhouse
udforske	explore
butikstyveri	shoplifting
snuse	nose
sortsmudsker	wop
grundlag	foundation
bortfore	abduct
caliper	caliper
gab	yawn
amman	amman
genopladelig	rechargeable
peanut	peanut
lagen	bedsheet
algier	algiers
desillusion	disillusion
trolig	believable
salte	salt
karolinger	carolingian
umoderne	dated
hacker	hacker
nojsom	frugal
kobolt	cobalt
billard	billiards
trygle	implore
krydder	rusk
fregne	freckle
homoopati	homeopathy
lut	lute
oktav	octave
periskop	periscope
tobias	tobias
fagot	bassoon
hytte	shack
neutron	neutron
deisme	deism
laeder	leather
sej	ductile
bogorm	bookworm
valgkreds	constituency
asyl	asylum
efterfolge	repercussion
straffe	punish
udspring	source
cagliari	cagliari
blotte	flash
fridag	holiday
kreere	create
dansk	danish
praevention	contraception
logre	fawn
blusse	flame
humlebi	bumblebee
kryptonit	kryptonite
cykel	bicycle
danserinde	dancer
skorbug	scurvy
oxonium	hydronium
myrte	myrtle
vinge	wing
pandoro	pandoro
modeord	buzzword
halvmane	crescent
termosfaere	thermosphere
hotel	hotel
istanbul	istanbul
umuliggore	preclude
bondeknold	bumpkin
snedighed	ingenuity
korsika	corsica
gylt	gilt
athensk	athenian
institution	institution
blyglans	galena
lus	louse
tital	ten
udelukkelse	exclusion
jupiter	jupiter
hensmuldre	crumble
brunskjorte	brownshirt
niobium	niobium
ananas	pineapple
spidsmus	shrew
moderlig	motherly
hannah	hannah
rekviem	requiem
introduktion	introduction
prinselig	princely
nebraska	nebraska
veteran	veteran
altan	balcony
heksesabbat	sabbath
omelet	omelette
medspiller	partner
bagning	baking
australien	australia
statistik	statistics
terpsichore	terpsichore
smabarn	toddler
klub	club
strog	stroke
brno	brno
addition	addition
aflyse	cancel
tvesproget	bilingual
trods	notwithstanding
saltbosse	caster
indspille	record
forrige	previous
barndom	childhood
kurer	courier
terrorist	terrorist
jordegern	chipmunk
hemmelighed	secret
folklore	folklore
fruktose	fructose
cyklus	cycle
orentvist	earwig
frankrig	france
phaistos	phaistos
forme	form
harnisk	suit
velkommen	welcome
thetis	thetis
beton	concrete
pioner	pioneer
traepindsvin	porcupine
mfm	lcm
afskedigelse	sack
anvendelig	usable
babylonsk	babylonian
dirigent	conductor
rygen	rugen
patricier	patrician
carl	charles
skyldighed	debt
detaljeret	elaborate
seoul	seoul
romantisk	romantic
dybtryk	intaglio
symbol	symbol
kokarde	cockade
sodt	sweet
ottekantet	octagonal
emboli	embolism
vesir	vizier
kurgan	kurgan
etymologisk	etymological
ambigram	ambigram
feltrab	password
krumtapaksel	crankshaft
skriftrulle	scroll
congo	congo
okonometri	econometrics
ronald	ronald
karpe	carp
majs	maize
esse	forge
glarmester	glazier
bekymre	worry
kapsel	pod
stillids	goldfinch
lydien	lydia
amator	amateur
opdigtet	fictional
bevaring	conservation
irrelevant	impertinent
taknemlighed	thankfulness
herbivor	vegetarian
cameroun	cameroon
levebrod	livelihood
brasen	bream
lamt	lame
gaffel	fork
androide	android
qatar	qatar
blodprove	blood
mar	marten
wolfram	tungsten
zirconium	zirconium
stoltsere	strut
herrefolk	herrenvolk
simoni	simony
kigali	kigali
cylinder	cylinder
overskraevs	astride
fjeder	spring
bretagne	brittany
vinkel	angle
dolk	dagger
iapetus	iapetus
gentage	repeat
kassette	cassette
kroatisk	croatian
attisk	attic
kappe	cape
gulsot	jaundice
sav	saw
forud	before
mig	me
korea	korea
univers	universe
olaf	olaf
andrik	drake
tetrameter	tetrameter
mangen	many
sygelig	pathological
valle	whey
frivaerdi	equity
dorslag	colander
rokade	castling
ghaneser	ghanaian
kim	kim
krash	crash
hey	hello
brak	brackish
kinamand	chinaman
vaeggelus	bedbug
vasal	vassal
snitsar	cut
tarm	intestine
samosata	samosata
morgendag	tomorrow
ortografi	orthography
fiskeorn	osprey
klang	tone
fonologisk	phonological
temperatur	temperature
aet	family
indianer	indian
konfekt	sweet
palaestinsk	palestinian
rusk	shake
hans	his
ulrik	ulric
blaesebaelg	bellows
tam	tame
sagsoge	sue
hangar	hangar
vabenskjold	escutcheon
naboskab	neighborhood
svalbard	svalbard
iscenesaette	stage
kreta	crete
forberedelse	preparation
frode	frodo
byzans	byzantium
yoga	yoga
omdrejning	turn
digt	poem
digter	poet
ekskludering	exclusion
psykopat	psychopath
transvaal	transvaal
blasonering	blazon
levitation	levitation
hyperion	hyperion
filip	philip
skojte	skate
hviderusland	belarus
avocado	avocado
udbringe	deliver
insulin	insulin
abessinien	abyssinia
boghandler	bookseller
forurening	pollution
venezuela	venezuela
mikrometer	micrometer
herred	hundred
fnat	scabies
uvidende	oblivious
kokosnod	coconut
salt	salt
empati	empathy
barndomstid	childhood
forfaerdelig	dreadfully
toksikolog	toxicologist
socialisme	socialism
hejre	heron
lysekrone	chandelier
imiterende	derivative
gondol	gondola
fasces	fasces
saftig	juicy
analog	analogous
olivia	olivia
hale	tail
soldug	sundew
blodprop	thrombus
trokaeisk	trochaic
bov	bow
angler	angle
sport	sport
tenor	tenor
melanom	melanoma
tresaring	sexagenarian
samaritansk	samaritan
landmand	farmer
humle	hop
vie	devote
brasilien	brazil
gerontofobi	gerontophobia
monopolist	monopoly
kremere	cremate
briks	couch
despotisk	despotic
dehydrere	dehydrate
asp	aspen
fraende	relative
tilberedning	preparation
baroni	barony
gronland	greenland
kulinarisk	culinary
ubehagelig	bad
agathe	agatha
aetiologi	aetiology
hovedpude	pillow
februar	february
vad	wet
lose	sort
spurv	sparrow
klorid	chloride
skruetvinge	vise
overmaengde	superset
hjelmvulst	torse
arkivalie	file
pittoresk	picturesque
tingest	stuff
armensk	armenian
undertoj	underwear
hvas	waspish
kapacitans	capacitance
sms	text
pizzeria	pizzeria
massose	masseuse
hellebard	halberd
uddele	share
ecuador	ecuador
tusmorke	twilight
hovedkvarter	headquarters
suspensorium	jockstrap
apalhraun	aa
uvigtig	unimportant
kuglerund	global
makker	comrade
losore	chattel
avestisk	avestan
afsondret	private
stromme	flow
jugoslav	yugoslavian
kuskesaede	box
spanier	spaniard
fodsti	walk
gaelisk	gaelic
tandemcykel	tandem
sofart	navigation
ironisk	ironic
arv	heritage
skovsanger	warbler
kartesisk	cartesian
konservere	can
crashe	crash
delfin	dolphin
harem	harem
uren	dirty
tibetansk	tibetan
silas	silas
udstrakt	outstretched
operator	operator
tomhed	emptiness
galskab	madness
taske	bag
pyt	puddle
loge	box
passagerfly	airliner
sondre	discriminate
pukkel	hump
ryge	fume
flise	flag
grov	harsh
tvivl	doubt
klaver	piano
anerkendelse	approval
pindsvin	hedgehog
okkultation	occultation
ravine	ravine
trapez	trapezium
kvidre	chirp
dets	its
fortrin	advantage
murmeldyr	marmot
apostat	apostate
morfi	morphism
introducere	introduce
navnebror	namesake
udmaerket	bully
samovar	samovar
station	station
meter	metre
anrabe	invoke
tilbud	offer
marina	marina
polynomium	polynomial
lovligt	legally
plantage	plantation
grenada	grenada
zarina	tsarina
gullasch	goulash
areal	area
infamos	infamous
banjo	banjo
valor	value
varmestrom	conduction
pulsar	pulsar
tog	train
narhval	narwhal
pavemobil	popemobile
guatemala	guatemala
skyet	cloudy
hebraeisk	hebrew
blodmangel	anemia
praseodymium	praseodymium
miriam	miriam
harsk	rancid
epicenter	epicentre
darskab	foible
formulere	word
fotokopiere	photocopy
utah	utah
svaervaegter	heavyweight
praeg	stamp
favn	fathom
brunette	brunette
uvulaer	uvular
barbados	barbados
souvenir	souvenir
udodelig	immortal
suge	suck
sappor	sapper
bovs	burp
rolle	character
firben	lizard
bedstefader	grandfather
moderland	motherland
saet	set
hundred	hundred
olav	olaf
fattige	poor
overflade	surface
louise	louise
tandborste	toothbrush
juveler	jeweler
bulgarere	bulgarian
maskulin	masculine
fred	peace
regelmaessig	regular
ordentlighed	propriety
gepard	cheetah
okumenisk	ecumenical
kilo	kilo
kolonial	colonial
karolingisk	carolingian
bahrainer	bahraini
turist	tourist
maldivisk	dhivehi
oval	oval
postej	pate
katedral	cathedral
congolesisk	congolese
computer	computer
kastrere	neuter
aboriginer	aborigine
bengalsk	bengali
thimphu	thimphu
vestlig	western
brexit	brexit
raffinere	refine
humpe	hobble
sosyg	seasick
kassen	box
alkymist	alchemist
kirkegard	graveyard
slaveri	slavery
scenario	set
kama	kama
astmatisk	asthmatic
sindssyge	madness
vaduz	vaduz
indeksere	index
ege	spoke
staedighed	stubbornness
thomas	thomas
beslutte	decide
trane	crane
substituere	substitute
idiomatisk	idiomatic
hobby	hobby
alaska	alaska
vientiane	vientiane
trawler	trawler
bebrejdelse	reproach
omgang	turn
terminologi	terminology
sojle	column
flimren	flicker
handflade	palm
judaea	judea
stok	stick
klarsyn	clairvoyance
jerusalem	jerusalem
datterson	grandson
forkortelse	abbreviation
generel	general
aymara	aymara
atom	atom
bagel	bagel
kulstof	carbon
isbryder	icebreaker
kapel	chapel
platform	platform
gaia	gaea
beskaere	cut
bohrium	bohrium
armageddon	armageddon
fuldtonet	full
brillans	shine
overmaettet	supersaturated
kavalkade	cavalcade
trotskist	trotskyite
badland	badlands
beta	beta
royal	royal
bretonsk	breton
presse	squeeze
odysseen	odyssey
redigere	edit
polse	sausage
barnlos	childless
vilhelmsen	williams
cambodja	cambodia
udfore	make
databank	database
maseru	maseru
same	saami
genmaele	reply
autoritaer	authoritarian
plombe	filling
saga	saga
uhoflig	rude
ungarsk	hungarian
amalgam	amalgam
taekkere	thatcher
molar	molar
banjul	banjul
briket	briquet
dadyr	fawn
clairvoyant	clairvoyant
nellike	carnation
hyldebusk	elder
aerkehertug	archduke
vaerdig	dignified
pigebarn	chick
betonlebbe	butch
diode	diode
blodbudding	pudding
taxi	taxi
havana	havana
selvstyre	autonomy
ostrig	austria
eftergivende	fond
polyhymnia	polyhymnia
foster	fetus
messias	messiah
cellekerne	nucleus
territorium	territory
udbrede	spread
appellere	invoke
sandsten	sandstone
stalinisme	stalinism
savoyen	savoy
sendt	sent
skrinlaegge	shelve
deltage	participate
jonatan	jonathan
milano	milan
hygge	gemutlichkeit
spisepind	chopstick
gammeldags	archaic
parasit	parasite
puddel	poodle
honning	honey
logner	liar
priapisme	priapism
blaek	ink
barometer	barometer
modsigelse	contradiction
ansoger	applicant
anakonda	anaconda
islaending	icelander
pore	pore
cement	cement
faerdighed	skill
injektiv	injective
bagved	aback
blank	blank
notits	notice
godthab	nuuk
chronos	chronos
skaldyr	shellfish
domkirke	cathedral
sma	little
nem	easy
aspartam	aspartame
sladderhank	telltale
fordommelse	perdition
sandsaek	sandbag
nordisk	nordic
skort	skirt
feministisk	feminist
vente	wait
fotokopi	photocopy
aeskulap	asclepius
fonologi	phonology
jakke	jacket
fyrstelig	princely
tjekkisk	czech
lusket	fishy
kaffebusk	coffee
kardinalitet	cardinality
cannabis	cannabis
belize	belize
bakkenbarter	sideburns
belyst	light
hvilelos	restless
kvaern	quern
abelsk	abelian
tapet	wallpaper
paulus	paul
modpave	antipope
galicien	galicia
kierkegardsk	kierkegaardian
forrude	windshield
personage	character
prinsesse	princess
tresproget	trilingual
pektin	pectin
forvirring	confusion
padleare	paddle
isokor	isochoric
klaeg	horsefly
soko	manatee
gotland	gotland
flojt	whistle
bager	baker
artificiel	artificial
septuaginta	septuagint
fortidig	archaic
hudfarve	color
afskyelighed	abomination
satellit	satellite
rumvandring	spacewalk
ensom	lonely
stenbrud	quarry
aids	aids
sadelmager	saddler
genotype	genotype
mayotte	mayotte
vitamin	vitamin
belgrad	belgrade
fyring	sack
sanktion	sanction
udklip	cutting
drone	drone
svaekke	enervate
jakkerevers	lapel
victoriasoen	victoria
dyse	jet
messianske	messianic
psykokinese	psychokinesis
arbitraer	arbitrary
wisconsin	wisconsin
kikaerter	chickpea
legal	legal
franskmaend	french
sanitaer	sanitary
anguilla	anguilla
deodorant	deodorant
konebad	umiak
langbolge	longwave
projektil	bullet
orientalist	orientalist
orkestergrav	orchestra
europaeisk	european
tropopause	tropopause
dans	dance
chador	chador
forurene	contaminate
omfavnelse	hug
taks	yew
henholdsvis	respectively
nyt	news
sneslynge	snowblower
hermeneutisk	hermeneutical
gaette	speculate
skor	brittle
samtidigt	simultaneously
astrofysik	astrophysics
nektarin	nectarine
bigami	bigamy
laneord	loanword
anerkende	recognize
distortion	distortion
ups	oops
videnskab	science
endetarm	rectum
agronomi	agronomy
karriere	career
piber	pipit
robert	robert
vaek	away
birkes	poppyseed
drink	drink
besvaergelse	spell
afrette	dress
fingerere	finger
trafik	traffic
firtal	four
tunesien	tunisia
fokus	focus
jurisdiktion	jurisdiction
lydstyrke	volume
karelsk	karelian
astronom	astronomer
nyttig	useful
madeholden	frugal
intimitet	intimacy
laengdegrad	longitude
autorisation	authorization
komprimering	compression
made	way
bolivia	bolivia
dronte	dodo
eventyr	tale
todelt	bipartite
bur	cage
kaelenavn	nickname
skod	lap
beholde	store
foredrag	talk
sirup	syrup
fedtet	stingy
byg	barley
fattigfolk	poor
bohmand	bogeyman
forhud	foreskin
karikere	caricature
ideolog	ideologue
bageri	bakery
snuppe	pinch
hygiejne	hygiene
langvejsfra	afar
kokkenbord	counter
brochure	brochure
hyrevogn	taxi
studsmus	vole
kusine	cousin
kentucky	kentucky
fagsprog	jargon
morkharet	brunette
tidsbestemme	date
tandkod	gum
basilikum	basil
steg	fox
genfodsel	rebirth
umalelig	supernatural
maratha	marathi
gris	pig
niende	ninth
emu	emu
providence	providence
julius	julius
forene	combine
brystholder	bra
optiker	optician
afgraensning	demarcation
analgetikum	analgesic
airbag	airbag
fremskridt	progress
tumleplads	playground
klingonsk	klingon
pilrokke	stingray
lovsav	fretsaw
virak	incense
intonation	intonation
myndig	age
rosin	raisin
landsmand	compatriot
amerikaner	american
siamesisk	siamese
berigelse	enrichment
overtraede	violate
agronom	agronomist
sengetid	bedtime
strejke	strike
maleapparat	instrument
albanien	albania
trondheim	trondheim
danbo	danbo
alabast	alabaster
kyssesyge	mononucleosis
lesotho	lesotho
buddhist	buddhist
juba	juba
butterfly	bowtie
fuglerede	nest
stodtand	tusk
eufemisme	euphemism
askepot	cinderella
frisbee	frisbee
tegnebog	wallet
beskyldning	accusation
solsikke	sunflower
svale	swallow
fravaer	absence
botswana	botswana
venstre	left
mokka	mocha
makeup	makeup
gaeste	guest
aekvator	equator
milliardaer	billionaire
abebrodtrae	baobab
kompleksitet	complexity
fyldig	ample
diskriminere	discriminate
cecilie	cecilia
mokkasin	moccasin
skrivehaefte	notebook
stedfar	stepfather
bavian	baboon
klitikon	clitic
spalteabning	stoma
rekvirere	requisition
otto	otto
kommode	dresser
fravaerende	absent
komparativ	comparative
putrajaya	putrajaya
kjortel	kirtle
bladgront	chlorophyll
skrumpe	dwarf
brint	hydrogen
vandmanden	aquarius
republik	republic
beskatte	tax
kurs	course
nordet	nerdy
omgivelser	environment
avlstyr	stud
gos	jack
rakitis	rickets
kateket	catechist
svovle	sulfur
venus	venus
torino	turin
takke	thank
sproglig	linguistic
overmenneske	ubermensch
arhundrede	century
adgangskode	password
frygt	fear
pludseligt	suddenly
aachen	aachen
sejm	sejm
stov	dust
auktion	auction
planere	level
skelet	skeleton
ryste	shake
knasende	crispy
sovnig	sleepy
panflojte	panpipes
provisorie	provisional
nakkeost	smegma
bullet	bullet
bevoksning	stand
foraeldelse	obsolescence
opdage	discover
polemik	polemic
hand	hand
dreng	boy
udlove	offer
udtomme	depleted
neapel	naples
finsk	finnish
svedig	sweaty
jaloux	jealous
tweet	tweet
odemark	wasteland
numismatiker	numismatist
barkentine	barquentine
osel	saaremaa
kingston	kingston
beherske	govern
tvivlradig	dubious
spyd	spear
champignon	champignon
politi	police
stampen	stamp
frokost	lunch
fejre	celebrate
gulerod	carrot
draebersnegl	slug
ribs	currant
dragende	alluring
sikhisk	sikh
azalea	azalea
vagtel	quail
observation	remark
hyperbolsk	hyperbolic
monotoni	monotony
hensigt	intention
kinshasa	kinshasa
flitig	industrious
klavichord	clavichord
daktyl	dactyl
solen	sun
hetero	hetero
intelligent	sapient
mallemuk	fulmar
hulepindsvin	porcupine
bjaeffe	bark
talentfuld	talented
valhall	valhalla
astronomisk	astronomical
osmium	osmium
sove	sleep
hovle	plane
tilbede	pray
fae	mug
monark	monarch
hvislelyd	sibilant
postering	transaction
spoge	joke
butte	butte
spamand	prophet
forfalskning	fraud
skarpskytte	sharpshooter
barfred	keep
senest	last
genere	hassle
aegcelle	ovum
vindmolle	windmill
vaedde	bet
bark	bark
bichon	bichon
skovmaerke	woodruff
nauru	nauru
mundstykke	mouthpiece
fjaes	mug
oulu	oulu
tepotte	teapot
ordgade	conundrum
helvedesild	shingles
indianapolis	indianapolis
kjole	dress
betydning	meaning
bayern	bavaria
retsloshed	lawlessness
tandem	tandem
revanchist	revanchist
artikel	article
ranch	ranch
attra	desire
savne	miss
orehaenger	earworm
djaevlen	devil
aldrig	never
ildsted	fireplace
uddod	extinct
filipens	pimple
ballon	balloon
tud	nose
partiel	partial
mollesten	millstone
jiddisch	yiddish
graf	graph
fjerne	erase
amagermad	sandwich
meditation	meditation
strenge	string
ordinaltal	ordinal
fortoje	moor
ligne	resemble
fredsommelig	peaceable
emma	emma
maratonlob	marathon
umulighed	impossible
burette	burette
arkansas	arkansas
romerne	romans
sibilant	sibilant
beryllium	beryllium
svommetur	swim
hare	hare
kap	cape
hvorledes	how
entropi	entropy
eva	eve
kommutere	commute
overrisling	irrigation
hobbit	hobbit
deres	their
monopol	monopoly
maegtighed	cardinality
rustning	suit
menneskesky	aloof
drik	beverage
hyppig	often
frank	frank
konscelle	gamete
leto	leto
elite	choice
spindler	arachnid
est	estonian
bjergskred	landslide
human	human
amerika	americas
tilbageholde	detain
drikke	drink
heltinde	heroine
brazzaville	brazzaville
hamburgerbof	hamburger
symbolsk	symbolically
durian	durian
optegne	record
alekrage	cormorant
tvillingerne	gemini
tjekkiet	czechia
stofpose	tote
google	google
rickshaw	rickshaw
blasonere	blazon
bridge	bridge
nassau	nassau
prosa	prose
aerinde	errand
diesel	diesel
galehus	bedlam
ode	ode
hypertekst	hypertext
hestekraft	horsepower
balsam	balsam
mirjam	miriam
salomo	solomon
veganisme	veganism
nahuatl	nahuatl
flodekaramel	toffee
habakkuk	habakkuk
biografi	biography
traengsel	congestion
semiotik	semiotics
helvedes	goddamn
ossetisk	ossetian
naevner	denominator
legering	alloy
madrid	madrid
chinchilla	chinchilla
knappe	button
indtage	consume
noddeskal	nutshell
brutal	brutish
forvirret	confused
slovakiet	slovakia
sortskjorte	blackshirt
reflektere	think
halleluja	hallelujah
etologi	ethology
cheesy	cheesy
illegal	unlawful
komi	komi
jorden	earth
forar	spring
rasende	livid
jainisme	jainism
naervaerelse	presence
selvrisiko	coinsurance
bangladesh	bangladesh
catalonien	catalonia
dormatte	doormat
atol	atoll
skranke	counter
tillid	trust
bojning	turn
weichsel	vistula
sarbar	vulnerable
glossehaefte	glossary
rangorden	hierarchy
fjollet	silly
omplante	transplant
hviderussisk	belarusian
larben	thighbone
ionosfaere	ionosphere
reder	shipowner
pote	paw
stresse	stress
starut	dude
genealogi	genealogy
upalidelig	unreliable
smegma	smegma
klokkeslag	stroke
typisk	typical
mesopotamien	mesopotamia
kansler	chancellor
messehagel	chasuble
vaert	host
bedemand	undertaker
odense	odense
ubonhorlig	inexorable
konge	king
sandart	zander
odem	edema
stjalen	stolen
varebil	van
restriktive	restrictive
senil	senile
forfaegte	champion
bide	bite
basta	period
korstog	crusade
savsmuld	sawdust
andorra	andorra
udkaempe	fight
kast	shy
forlyd	inlaut
websted	website
torretumbler	dryer
bord	table
medens	while
froken	miss
brunkul	lignite
diplom	diploma
flyvinge	wing
keltisk	celtic
evident	clearly
gevinst	profit
kemiske	chemistry
handlanger	minion
plasticmor	stepmother
antal	amount
atrium	atrium
murer	bricklayer
chille	chill
boks	box
union	union
strandskade	oystercatcher
traditionel	traditional
fjerpen	quill
sputnik	sputnik
ildsten	flint
taknemmelig	grateful
grynt	grunt
laerk	larch
lutetium	lutetium
praecist	precisely
sydost	southeast
blege	bleach
draug	ghost
caracas	caracas
fluktuation	fluctuation
voldgrav	moat
sukke	sigh
notar	notary
taiwan	taiwan
hvine	whine
wasabi	wasabi
datering	date
forarslog	scallion
vaske	wash
isaj	jesse
fryse	freeze
kaunas	kaunas
surikat	meerkat
eufemistisk	euphemistic
fejlernaeret	malnourished
melanie	melanie
yver	udder
ironi	irony
chokere	shake
beroligende	soothing
privilegie	prerogative
kapivar	capybara
aldehyd	aldehyde
terapeut	therapist
snit	cut
impuls	momentum
navigering	navigation
plast	plastic
valke	full
nordlig	north
gnegge	neigh
frugtbarhed	fertility
hybris	hubris
intet	nothing
safir	sapphire
beskadigelse	damage
irene	irene
skaldet	bald
dumpe	fail
babylonier	babylonian
modulere	modulate
diana	diana
flamingo	flamingo
grif	griffin
litauer	lithuanian
hexadecimal	hexadecimal
imbros	imbros
pavelig	papal
kaempestor	huge
kanin	rabbit
skift	change
bosning	box
ivar	ivor
barmand	bartender
backgammon	backgammon
selvisk	selfish
begraensning	limitation
uddoen	extinction
kasper	caspar
horisont	horizon
bjergtop	summit
plejaderne	pleiades
floddige	levee
stiplet	broken
legende	legend
branche	business
ojebae	eyesore
impraegneret	waterproof
staevn	stem
maneskin	moonlight
sondersla	break
hockey	hockey
anledning	occasion
begreb	concept
tuskhandel	barter
fyrre	forty
alexandra	alexandra
neutrino	neutrino
sovnloshed	insomnia
zionistisk	zionist
bulgarsk	bulgarian
maldiverne	maldives
litteratur	literature
arvid	arvid
ydmyghed	humility
laengde	length
leo	leo
delaware	delaware
zoo	zoo
holdeplads	stand
piratkopiere	pirate
cerium	cerium
samtykke	agreement
biavler	beekeeper
kollega	colleague
krympe	dwarf
teknokratisk	technocratic
intens	rigorous
selvom	although
rodbede	beetroot
ragelse	junk
mikrobolge	microwave
pande	forehead
elm	elm
mundhugges	bicker
pastiche	pastiche
underfamilie	subfamily
tempus	tense
konsensus	consensus
detaljer	detail
damaskus	damascus
kortslutning	short
runo	ruhnu
ivrig	anxious
marmor	marble
rasle	rattle
internat	pound
krydsfiner	plywood
tres	sixty
faelg	rim
optage	record
erobre	conquer
lykien	lycia
ratificere	ratify
aerefrygt	awe
stemmejern	chisel
tosproget	bilingual
toneraekke	sequence
saeterhytte	saeter
islam	islam
fastland	mainland
korset	corset
marengs	meringue
bibliografi	bibliography
daugavpils	daugavpils
bygkorn	stye
borsjtj	borscht
vuf	woof
atrofi	atrophy
filter	filter
synkron	synchronous
navnefaelle	namesake
jyde	jute
skruestik	vise
fort	fort
nitten	nineteen
pot	cannabis
forsvundet	lost
forveksle	confuse
rokke	shake
admiralsflag	flag
kancellistil	rhetoric
kinin	quinine
geometri	geometry
alkalisk	alkaline
albatros	albatross
degenereret	degenerate
akvarelfarve	watercolour
sip	sip
kurtisere	woo
forlovede	fiance
asymmetrisk	asymmetrical
tegne	draw
gaet	guess
ambassador	ambassador
etablering	establishment
horehus	brothel
pertentlig	fussy
bohmen	bohemia
trummerum	rut
mester	champion
iridium	iridium
basker	basque
fontaene	fountain
bakteriofag	bacteriophage
undervise	teach
herske	govern
kanape	canape
avokado	avocado
yemenit	yemeni
nar	when
tandlaege	dentist
kost	broom
regne	rain
samisk	saami
plumpe	plop
andeby	duckburg
alien	alien
sarajevo	sarajevo
juneau	juneau
tankefuld	pensive
uddannelse	education
sikh	sikh
elegi	elegy
onsdag	wednesday
lyng	heather
morten	martin
slagteoffer	victim
tigge	beg
perestrojka	perestroika
daoisme	taoism
gerontologi	gerontology
konkurrence	competition
turban	turban
spidskommen	cumin
graesk	greek
hoste	cough
kunstvaerk	art
vormsi	vormsi
polstre	cushion
kronikeboger	chronicles
massefylde	density
umbrien	umbria
ekko	echo
aosta	aosta
skifter	over
fornuftig	sound
umoden	immature
ultraviolet	ultraviolet
fangekaelder	dungeon
ligeledes	likewise
angriber	attacker
arezzo	arezzo
dette	this
haubits	howitzer
utallig	countless
epirus	epirus
kontinent	continent
protist	protist
opportun	opportune
balsamin	balsam
vampyrisk	vampiric
asfyksi	asphyxia
tilfaelde	accident
tyskere	german
irriteret	irritated
metafor	metaphor
sigrid	sigrid
mango	mango
havvaelde	thalassocracy
pygmae	pygmy
million	million
gedde	pike
kinesere	chinese
krom	chromium
rumfartoj	spaceship
afstemple	postmark
trampe	stamp
undergrave	undermine
kognition	cognition
gent	ghent
savojen	savoy
milt	spleen
jerevan	yerevan
skammel	footstool
vue	vista
teosofisk	theosophic
abasi	abasia
cool	cool
sangfugl	songbird
somaliland	somaliland
venskab	friendship
vicevaert	caretaker
hieroglyf	hieroglyph
befaeste	fortify
allerede	already
nedskrivning	impairment
gennemfore	clear
landstryger	vagabond
hertuginde	duchess
oprort	upset
lejesoldat	mercenary
patient	patient
hylemorsom	hilarious
tehus	teahouse
anoreksi	anorexia
sluse	gate
glathed	polish
metabolit	metabolite
frustrerende	frustrating
fraekhed	cheek
opdagelse	discovery
baerbar	portable
brusen	fizzle
batik	batik
samaria	samaria
kyoto	kyoto
toke	torquil
bolvaerk	bulwark
salami	salami
sennep	mustard
millimeter	millimetre
neologisme	neologism
sige	say
apulejus	apuleius
ned	down
gudmoder	godmother
monitor	monitor
gerrig	miserly
thi	for
handske	glove
bogbinder	bookbinder
tender	tender
ostekage	cheesecake
varevogn	van
stavbakterie	rod
venteliste	queue
mildne	alleviate
skarlagen	scarlet
gunstig	kind
grimasse	grimace
fode	food
afgore	decide
skrabe	skin
fuchsia	fuchsia
lobotomi	lobotomy
svindle	cheat
hvemsomhelst	anyone
saul	saul
niche	alcove
alarmerende	alarmingly
styrbord	starboard
donkraft	jack
hygiejnisk	hygienic
kaudervaelsk	gibberish
regnorm	earthworm
jute	jute
tung	heavy
superleder	superconductor
fradrag	deduction
aktieejer	shareholder
folsom	sensitive
junke	junk
nasser	nag
moms	vat
motto	motto
rododendron	rhododendron
difteri	diphtheria
kirkegaardsk	kierkegaardian
tekop	teacup
urania	urania
valhal	valhalla
stadion	stadium
estland	estonia
bratislava	bratislava
liver	livonian
stola	stole
rombe	rhombus
diversitet	diversity
svaerge	swear
temmelig	quite
bibetydning	connotation
gro	grow
hade	hate
embryon	embryo
aorta	aorta
xenia	xenia
grundlaegge	found
jubilaeum	jubilee
kurdisk	kurdish
venezuelansk	venezuelan
kokkenvask	sink
sne	snow
overbelastet	overloaded
zloty	zloty
purere	cream
servil	obsequious
fabrikat	make
kola	kola
heureka	eureka
kage	cake
kugleramme	abacus
kopiere	copy
hugorm	adder
faktor	factor
kapacitet	capacity
check	cheque
neptunium	neptunium
tilgive	forgive
abne	open
blegne	pale
praerogativ	prerogative
klint	cliff
storhedstid	heyday
paederasti	pederasty
kvark	quark
hammer	hammer
overtryk	surcharge
fremtidig	future
gemmested	hideout
hassel	hazel
almisse	alms
atonal	atonal
peter	peter
naturalier	kind
uundgaelig	unavoidable
troldkvinde	wizard
myrra	myrrh
zobel	sable
ottende	eighth
aske	ash
henvise	refer
surmule	sulk
gronkal	kale
sigurd	sigurd
hornhinde	cornea
mindesmaerke	monument
elitist	elitist
telefonist	operator
brokke	nag
drovtygger	ruminant
snor	twine
besoge	visit
stikprove	sample
madding	fishbait
mishandle	abuse
kork	cork
pandehar	bang
levanten	levant
glosar	glossary
accra	accra
annullation	annulment
millisekund	millisecond
forbloffet	astounded
tronfolge	succession
beboelig	livable
kogle	cone
listig	shrewd
egen	own
freskomaleri	fresco
charon	charon
metamorfose	metamorphosis
krypton	krypton
konfirmation	confirmation
porter	porter
tyrk	turk
lind	linden
luftspejling	mirage
israelitisk	israelite
appetit	appetite
faerre	fewer
herpes	herpes
snart	soon
perfume	perfume
filatelist	philatelist
kong	king
edvin	edwin
vera	vera
vandskyende	hydrophobic
talisman	talisman
guava	guava
vaerst	worst
praegtig	stately
blokflojte	recorder
glasal	elver
harekilling	leveret
dirigentstok	baton
enkel	simple
garage	garage
veranda	veranda
dadle	blame
habitat	habitat
civilisation	civilization
smukkest	fairest
courgette	courgette
synskhed	clairvoyance
sandstorm	sandstorm
formorkelse	eclipse
helliggore	hallow
markedsfore	market
vismuth	bismuth
folelseslos	senseless
spiger	spike
zeitgeist	zeitgeist
asien	asia
essay	essay
udgang	exit
pokal	cup
vandkande	can
armenier	armenian
vandmolle	watermill
solhverv	solstice
luge	trapdoor
hokkaido	hokkaido
insektlaere	entomology
tilskrive	attribute
laengsel	yearning
sabina	sabina
vankelmodig	fickle
stabil	stable
morkeraed	nyctophobia
murre	nag
mane	moon
horkvinde	adulterer
savlesmaek	bib
italianisere	italianize
colorado	colorado
elmetrae	elm
miau	meow
vishnu	vishnu
udkast	draft
dalila	delilah
arm	arm
yak	yak
vestibule	vestibule
fornaermelse	insult
global	global
overspringe	skip
pegefinger	forefinger
lime	lime
wellington	wellington
henrik	henry
skestork	spoonbill
krykke	crutch
fortegn	sign
interview	interview
politisk	political
finland	finland
spektroskop	spectroscope
ingensteds	nowhere
jurte	yurt
natklub	nightclub
klo	claw
evaluere	evaluate
parlament	parliament
baelg	pod
landsvale	swallow
tweete	tweet
valletta	valletta
takling	tackle
gambia	gambia
fingernegl	fingernail
rontgen	rontgen
leningrad	leningrad
skovtur	picnic
kamel	camel
ende	end
spaendende	exciting
kabys	galley
spelt	spelt
talent	talent
ener	one
pap	cardboard
buksbom	box
saltvand	brine
tanker	tanker
julestjerne	poinsettia
skinger	shrill
hinduisme	hinduism
peder	peter
flint	flint
dili	dili
konventikel	conventicle
livegen	serf
dige	dyke
slagkraftig	cogent
sengetaeppe	bedspread
imposant	imposing
tumpe	goof
katja	katya
legionaer	legionary
feminin	feminine
sproglyd	phone
svovlkis	pyrite
garnison	garrison
skrifttype	font
vibrafon	vibraphone
tjekker	czech
skopje	skopje
glukose	glucose
limousine	limousine
tendentios	tendentious
orgastisk	orgasmic
fiskehandler	fishmonger
kraftmoment	torque
femtal	five
praerieulv	coyote
alfabet	alphabet
thorium	thorium
jagthytte	box
thalia	thalia
oase	oasis
alabama	alabama
gulaglejr	gulag
vaerd	value
bali	bali
lymfe	lymph
inka	inca
akkumulere	accumulate
holmium	holmium
hjemmeside	website
konkret	concrete
kuban	kuban
lykkelig	happy
stodende	offensive
mast	mast
molybdaen	molybdenum
sideordning	parataxis
devon	devon
ekstremitet	extremity
ilder	polecat
hustrubidrag	alimony
kind	cheek
hostak	haystack
piktogram	pictogram
balle	buttock
anker	anchor
ojensynlig	apparently
jaffa	jaffa
dodoma	dodoma
efterfolger	follower
mail	mail
storkenaeb	geranium
heat	heat
immigrere	immigrate
bolgebryder	bulwark
pariser	parisian
impraegnere	waterproof
oboer	islander
faldgitter	portcullis
hypnose	hypnosis
jens	john
jordemor	midwife
utalmodig	impatient
fortid	past
realpolitik	realpolitik
sporadisk	sporadic
fiji	fiji
pate	pate
verner	warner
alma	alma
oxygen	oxygen
badekabe	bathrobe
bruger	user
monoteisme	monotheism
alfabetisk	alphabetical
blyant	pencil
byzantiner	byzantine
konsistens	consistency
bebo	dwell
naeringsstof	nutrient
kajak	kayak
messe	mass
trit	step
opspare	save
tyvende	twentieth
opera	opera
navngive	name
erato	erato
vable	blister
alanin	alanine
kirsebaer	cherry
insolvens	insolvency
byde	bid
nisse	goblin
fonetik	phonetics
vindstille	calm
garantere	guarantee
gaering	fermentation
meteorit	meteorite
komitologi	comitology
bista	aid
epitel	epithelium
skandium	scandium
cikade	cicada
dagdromme	daydream
lyddaemper	silencer
initiativlos	feckless
pavirke	influence
adskille	separate
selleri	celery
skytten	sagittarius
politiker	politician
udforelse	achievement
handtag	handle
kunst	art
kvaelstof	nitrogen
filateli	philately
folkelig	popular
vesuv	vesuvius
calcium	calcium
overskaeg	moustache
langsynethed	farsightedness
lomvi	guillemot
filemon	philemon
jalta	yalta
tappe	drain
tolerance	tolerance
skam	shame
pus	pus
liturgi	liturgy
lom	loon
kanadisk	canadian
trimaran	trimaran
jorgen	george
bulldozer	bulldozer
congofloden	congo
karin	karin
centrum	center
bogstotte	bookend
opslagsord	lemma
sclerose	sclerosis
knepbar	fuckable
pimpsten	pumice
vikariere	supply
singapore	singapore
kompetence	competency
strubehoved	larynx
kopimaskine	photocopier
morfeus	morpheus
syregruppe	carboxyl
michael	michael
lejr	camp
bilag	annex
glarus	glarus
sparekasse	thrift
tulipan	tulip
moller	miller
sexet	sexy
firs	eighty
snitte	cut
livstid	life
wikiholiker	wikiholic
rhenium	rhenium
russer	russian
granbraende	spruce
vitalisme	vitalism
praelat	prelate
amos	amos
ordenstal	ordinal
tastatur	keyboard
overdrage	transfer
blid	sweet
terminal	terminal
konkretisere	concrete
forskyde	translate
aestetisk	aesthetic
egnethed	fitness
henriette	henrietta
stovle	boot
retort	retort
stod	stod
udtaenke	devise
skonmaler	apologist
missionere	proselytize
manekage	mooncake
egyptisk	egyptian
rastloshed	restlessness
sarah	sarah
bordeaux	bordeaux
neon	neon
sene	tendon
estimat	estimate
forkortet	abridged
forekomme	occur
skrael	peel
skont	although
eufrat	euphrates
fiskekrog	fishhook
gravand	shelduck
krokodille	crocodile
egenvektor	eigenvector
saledes	thus
overflytning	transfer
grundig	solid
moskovit	muscovite
daemon	fiend
kladde	draft
skakmat	checkmate
definition	definition
date	date
tabelighed	foolishness
civilisering	civilization
berettende	narrative
nakke	nape
sekretariat	secretariat
sonate	sonata
kareler	karelian
arrestere	arrest
einsteinium	einsteinium
datterdatter	granddaughter
heraldik	heraldry
diptykon	diptych
stramme	tension
forfore	seduce
kalorie	calorie
guinea	guinea
gnavesar	chafe
dronning	queen
sol	dulse
lysthus	gazebo
haleben	tailbone
oplyse	light
krus	mug
melon	melon
flage	flag
isomorfi	isomorphism
ulaanbaatar	ulaanbaatar
ogsa	also
jode	jew
overraskelse	surprise
nadia	nadia
babylonisk	babylonian
hunkat	queen
lighus	morgue
derfra	thence
udvendig	external
spaghetti	wop
husholdning	economy
boheme	bohemian
biotisk	biotic
rhodos	rhodes
vagen	awake
udrydde	extinguish
duel	duel
moses	moses
yttrium	yttrium
eurasien	eurasia
absalom	absalom
just	justus
photoshoppe	photoshop
kornisk	cornish
solnedgang	sunset
caribien	caribbean
saltlage	brine
fraseri	gluttony
ukrainsk	ukrainian
kortbolge	shortwave
april	april
slaegtled	generation
lol	lol
ski	ski
forsog	attempt
mae	baa
kreds	circle
aspetrae	aspen
morgenmad	breakfast
armstol	armchair
ravfarvet	amber
prosaisk	prosaic
tvang	coercion
panser	cop
pattedyr	mammal
usandhed	untruth
kvist	stick
ferskentrae	peach
skrastreg	slash
kurve	curve
guyana	guyana
granat	grenade
hovmodig	uppity
omend	albeit
echidna	echidna
ginsengrod	ginseng
krigsskib	warship
ragnarok	ragnarok
javaner	javanese
billionaer	trillionaire
personale	staff
strege	blank
logn	lie
gaeldsbrev	iou
denne	this
muhammedansk	mohammedan
tilfalde	accrue
abaca	abaca
natrium	sodium
dild	dill
traeblaeser	woodwind
hyldeknaegt	bracket
omga	circumvent
alborg	aalborg
dacit	dacite
boghvede	buckwheat
ven	friend
trussel	threat
akkordeon	accordion
strodase	caster
pakning	package
kendis	celebrity
nedgang	decline
charm	charm
ussr	ussr
neutralitet	neutrality
pianist	pianist
trance	trance
neutral	neutral
haleror	rudder
sejlbad	sailboat
koreanskt	korean
nekrofili	necrophilia
asgard	asgard
kaldaeer	chaldean
gudlos	godless
skizofreni	schizophrenia
radio	radio
marokko	morocco
march	march
udfordrende	challenging
fremmedhader	xenophobe
regulere	modulate
bonner	bean
ezekias	hezekiah
blindtarm	appendix
finansmand	financier
offensiv	offensive
pandemi	pandemic
magelos	peerless
delikat	delicious
konference	conference
hertha	hertha
lilje	lily
sadistisk	sadistic
tuzla	tuzla
bryssel	brussels
bibel	bible
karantaene	quarantine
vejviser	guide
gog	cuckoo
tundra	tundra
solvfarvet	silver
lang	long
blotter	flasher
cirkumfleks	circumflex
nominere	nominate
attitude	attitude
homofobi	homophobia
udfri	deliver
sng	cis
luns	hunk
mejsle	chisel
kolon	colon
biopsi	biopsy
mauritius	mauritius
blodurt	bloodroot
durra	sorghum
orange	orange
smede	forge
volyn	volyn
gearkasse	gearbox
kalender	calendar
hertz	hertz
hagekors	swastika
storfyrste	duke
oprorende	atrocious
kundskab	knowledge
idolisere	idolize
stridsplejl	flail
mandebod	wergeld
lamel	slot
tromme	drum
programvaert	anchorman
visent	wisent
kapun	capon
kendskab	knowledge
nairobi	nairobi
mineralogi	mineralogy
afleve	submit
mel	flour
hedebolge	heat
lakonisk	laconic
prominent	salient
depotfund	hoard
sejlet	vela
bras	junk
taerte	pie
jaettegryde	pothole
laerketrae	larch
genevesoen	geneva
sadelmagere	saddler
mortel	mortar
thulium	thulium
foderation	federation
bodker	cooper
forfremme	up
vask	sink
teosofi	theosophy
malta	malta
riga	riga
stanniol	tinfoil
chips	chip
opstrenge	string
brokbind	truss
solbriller	sunglasses
enighed	agreement
postvaesenet	mail
syvkamp	heptathlon
hamre	hammer
haeve	lift
basilika	basilica
docerende	didactic
kapellan	chaplain
slagteri	abattoir
irriterende	annoying
korund	corundum
krig	war
orepine	earache
drager	beam
pensel	paintbrush
occitansk	occitan
satanisme	satanism
genre	genre
dobra	dobra
aendre	change
hjem	home
nostalgisk	nostalgic
havfrue	mermaid
varkat	werecat
grib	vulture
spondaeisk	spondaic
stra	straw
genial	genial
trompeter	trumpeter
gudson	godson
skibsforer	skipper
arkitektur	architecture
stand	stand
saxofon	saxophone
vaesel	weasel
klargore	prime
kromosom	chromosome
aldeles	all
polen	poland
nudel	noodle
karamel	caramel
indeks	index
champion	champion
horekone	adulterer
koretoj	vehicle
amin	amine
marine	navy
detailsalg	retail
optaget	engaged
plantevaekst	vegetation
ralf	ralph
valakiet	wallachia
revidere	revise
suder	tench
fyrste	prince
baerepose	bag
dovendyr	sloth
maskulinitet	masculinity
laerke	lark
komet	comet
malagassisk	malagasy
troskab	fealty
naerende	nutrient
udlyd	auslaut
vokslys	taper
smertefuld	painful
telefonere	telephone
gudfader	godfather
ondskabsfuld	dire
hovedpine	headache
geografi	geography
inder	indian
hareskaar	harelip
korintisk	corinthian
lojerlig	quaint
allergi	allergy
jugoslavien	yugoslavia
malaj	malay
klassisk	classical
kloft	canyon
gronkorn	chloroplast
robe	babble
eleonora	eleanor
opblaest	uppity
kvotient	quotient
ustemt	voiceless
forsomthed	neglect
langbue	longbow
mutagen	mutagen
alkali	alkali
pebernod	gingersnap
radne	rot
faktum	fact
islandsk	icelandic
host	autumn
sorbet	sherbet
afghanistan	afghanistan
svinekod	pork
kalrabi	kohlrabi
vallonien	wallonia
flaesk	bacon
tilpasset	fitted
fnys	grunt
cementere	cement
abyssinier	abyssinian
deportere	transport
spraelsk	frisk
sodestof	sweetener
alliance	alliance
beromthed	celebrity
kulso	lumpsucker
medmenneske	neighbour
doge	doge
teknologi	technology
streg	stroke
transitiv	transitive
keynesiansk	keynesian
menorca	minorca
pattebarn	baby
gammel	old
skraedderske	tailor
homoseksuel	homosexual
bornehave	kindergarten
farsbrod	meatloaf
olaj	olavsoka
kaerv	slot
romerriget	rome
korollar	corollary
genstridig	recalcitrant
musikal	musical
paranoia	paranoia
emigrere	emigrate
affolke	depopulate
opklare	clear
betoning	accent
lene	lena
barnlig	juvenile
naersynet	myopic
ojentjener	sycophant
ezekiel	ezekiel
variabel	variable
abonnement	subscription
kontor	office
veje	weigh
bikini	bikini
scoring	basket
oblat	host
bestille	order
haer	army
algoritme	algorithm
nedslidt	bald
folehorn	feeler
betaling	pay
erotika	erotica
udtorre	drain
rusland	russia
liden	small
multiplum	multiple
indien	india
skyter	scythian
kombinere	combine
anselig	stately
katalytisk	catalytic
politimand	policeman
belastning	burden
amylase	amylase
osseter	ossetian
fil	file
betvivle	doubt
associativ	associative
elefanthue	balaclava
augustus	augustus
milet	miletus
rodlig	ruddy
traeningspas	workout
sudan	sudan
demonstrere	demonstrate
henvisning	referral
jogurt	yogurt
diktatur	dictatorship
lektie	lesson
risikere	risk
lignende	similar
hydraulik	hydraulics
civiliseret	civil
kult	cult
skoleelev	schoolchild
yaounde	yaounde
hekseri	witchcraft
hjernevask	brainwash
metastase	metastasis
bedre	better
ark	sheet
orientere	orient
igler	leech
kanalisere	channel
rangoon	yangon
nydelig	prettily
komite	committee
stormvejr	storm
antarktis	antarctica
silkeorm	silkworm
vikle	wind
snaevres	narrow
autistisk	autistic
grundfaestet	solid
trumf	trump
blomsterbed	flowerbed
afbarke	bark
umaettelig	insatiable
sink	cornett
ansat	employee
vidneskranke	stand
krampe	spasm
psykedelisk	psychedelic
fonem	phoneme
forsyning	supply
liflig	delicious
blegt	pale
radise	radish
boa	boa
dramatiker	playwright
beroring	touch
bondejokke	bumpkin
konduktion	conduction
eklektisk	eclectic
beskrivelse	description
fiskeri	fishing
francisca	frances
roning	rowing
landarbejder	laborer
leverandor	vendor
bruno	bruno
kontanter	cash
deduktion	deduction
matematisere	mathematize
cykle	cycle
frelse	salvation
digtekunst	poetry
omtrent	approximately
supermodel	supermodel
libanesisk	lebanese
ulempe	disadvantage
bindeled	nexus
udstoppet	stuffed
kondensation	condensation
actinium	actinium
fodtusse	grunt
manen	moon
persisk	persian
indsukre	sugar
infinitiv	infinitive
arti	decade
nyman	newman
taburet	stool
antologi	anthology
graensemark	march
sangtekst	lyrics
spand	bucket
lydighed	obedience
abonnere	subscribe
forklare	explain
reykjavik	reykjavik
afrejse	departure
teenager	teenager
rudimentaer	vestigial
gennemtraek	draft
ellevtedel	eleventh
ramaelk	colostrum
flyvemaskine	airplane
harpiks	resin
provokator	gadfly
suveraenitet	sovereignty
afskaermning	guard
klinik	clinic
halvtone	semitone
komiker	comic
tekst	text
dusk	whisk
livrem	belt
mikronesien	micronesia
davaerende	then
kuling	gale
kvaekerfinke	brambling
konsument	user
maleri	painting
syndig	sinful
quito	quito
lemma	lemma
intention	purpose
syttende	seventeenth
lakere	lacquer
tygge	chew
palet	spatula
svaermer	enthusiast
kiribati	kiribati
udholde	stand
fonikien	phoenicia
vuggestue	nursery
fidusmager	charlatan
seismolog	seismologist
fipskaeg	goatee
galde	bile
frigore	liberate
svaerd	sword
atypisk	atypical
caribisk	caribbean
indonesisk	indonesian
gen	gene
deponent	deponent
relevant	germane
ligegyldigt	whatever
rokoko	rococo
udvej	exit
jeans	jeans
lund	grove
nostalgiker	nostalgic
suva	suva
dykker	diver
flov	sheepish
jura	jurisprudence
kantor	cantor
glaskalrabi	kohlrabi
lome	lome
stillads	scaffold
flusmiddel	flux
tusindfryd	daisy
pluto	pluto
laplaender	saami
binaer	binary
eksplorere	explore
ophavsret	copyright
guam	guam
oskar	oscar
dens	its
ryghvirvel	vertebra
affatte	couch
kravle	crawl
frikendelse	acquittal
bijektiv	bijective
forfald	decline
friktion	friction
polyeder	polyhedron
kniks	curtsey
vred	angry
spinat	spinach
koordination	coordination
brev	letter
krikke	nag
laerkefalk	hobby
indvendig	internal
sultan	sultan
hestebremse	botfly
gustav	gustav
amulet	amulet
skarntyde	hemlock
ejderen	eider
sovemiddel	soporific
buffer	buffer
tryk	accent
braekke	break
drue	grape
taft	taffeta
altaeder	omnivore
bekende	confess
byzantinsk	byzantine
nilsen	nicholson
indkobskurv	basket
forstaelse	understanding
hilda	hilda
sag	cause
hawaiiansk	hawaiian
varmelaere	thermodynamics
estimere	estimate
fuldkommen	utter
jappe	blather
epileptiker	epileptic
blodplade	platelet
kammeratinde	friend
tudse	toad
baglaens	aback
apostolisk	apostolic
onyks	onyx
karton	cardboard
jazze	jazz
fodreb	hobble
legetoj	toy
loyal	loyal
vabenhvile	ceasefire
alvin	alvin
stillits	goldfinch
khartoum	khartoum
neje	curtsey
nervositet	nervousness
ildvaben	firearm
forbrydelse	crime
hablos	hopeless
nav	nave
albansk	albanian
rebus	rebus
sommelighed	propriety
lasesmed	locksmith
kuglelyn	fireball
blitz	flash
trinbraet	step
forbyde	forbid
folk	people
joel	joel
svastika	swastika
mekanisk	automatic
radden	rotten
chalup	cutter
vindueskarm	windowsill
lammegrib	lammergeier
tidevand	tide
skole	school
badehus	boathouse
rivalitet	rivalry
tyroler	tyrolean
emalje	enamel
snigmorder	assassin
dinosaurus	dinosaur
transseksuel	transsexual
naiv	naive
vortemaelk	spurge
dekade	decade
holdbar	tenable
djibouti	djibouti
zefanias	zephaniah
optraede	act
analfabetisk	illiterate
udkigspost	lookout
kynisk	cynical
huntiger	tigress
affode	beget
moderskab	motherhood
xenon	xenon
klistre	plaster
essentiel	essential
vaskemiddel	detergent
bestemme	govern
aquitaine	aquitaine
algebra	algebra
ordspil	pun
desintegrere	disintegrate
rummand	spaceman
josva	joshua
birgitte	bridget
monumental	imposing
fortryde	regret
kvensk	kven
granataeble	pomegranate
hvordan	how
katharina	catherine
hamborg	hamburg
zebra	zebra
brae	glacier
hojrovet	arrogant
tripoli	tripoli
kugleformet	global
moske	mosque
mika	micah
kyst	coast
pig	spike
ngo	ngo
sukrose	sucrose
adolf	adolph
sekretaer	secretary
kikkert	binoculars
naturlig	inherent
volve	volva
aforisme	aphorism
protokol	protocol
bingospil	bingo
suspekt	suspect
snorreband	lace
cowboy	cowboy
snefnug	snowflake
rutine	experience
isak	isaac
grafit	graphite
jaevnt	flat
sonde	sound
farvefast	fast
mikrosekund	microsecond
konstantin	constantine
lovord	eulogy
vidneudsagn	evidence
horkone	adulterer
musical	musical
apia	apia
coyote	coyote
flertydig	ambiguous
maskinel	hardware
denaturere	denature
overkrop	torso
radslagning	deliberation
gyroskop	gyroscope
forlegenhed	confuse
retslaerd	jurist
palobe	accrue
borgmester	mayor
sidespor	tangent
hovsa	oops
bondefanger	scam
haiti	haiti
laesning	reading
gravere	engrave
fanny	fanny
havbund	seabed
naelde	nettle
hovdingebold	dodgeball
opbrugt	exhausted
vanilje	vanilla
parring	matching
afvise	reject
hamster	hamster
bodybuilding	bodybuilding
saaremaa	saaremaa
uheldsvanger	ominous
snerpe	prude
syver	seven
faldgrube	pitfall
blink	lure
snaksomhed	talkativeness
lobetid	heat
pafaldende	conspicuous
hanrej	cuckold
gdansk	gdansk
sanselos	senseless
agnostiker	agnostic
crash	crash
terrorisme	terrorism
sosaetning	launching
korthed	shortness
vildfaren	lost
afbestille	cancel
vaegtskal	balance
baeredygtig	sustainable
lyssky	sleazy
fodtoj	footwear
akvarel	watercolour
kalium	potassium
formindske	depleted
alexander	alexander
industri	industry
fjordterne	taring
forarbejde	work
mundskaenk	cupbearer
agorafobi	agoraphobia
janus	janus
portemonnae	wallet
nulvaerdi	zero
obadias	obadiah
niveau	level
hind	doe
knuge	squeeze
tilsammen	between
kilometer	kilometre
sosaette	launch
kraveben	clavicle
skravere	crosshatch
rangle	rattle
kystvagt	coastguard
laenges	long
fasthed	character
paederast	pederast
vaerge	custodian
toilette	toilet
genvej	shortcut
original	genuine
nejning	curtsey
slave	slave
sudoku	sudoku
aftenmad	dinner
politikvinde	policewoman
habe	hope
skjold	shield
iaften	tonight
registrere	record
manama	manama
pidgin	pidgin
italiensk	italian
anagram	anagram
jacob	jacob
syllogisme	syllogism
zagreb	zagreb
pengesum	money
drejer	turner
vandfarve	watercolour
klaustrofobi	claustrophobia
mauretanien	mauritania
alias	aka
sekundavare	second
wales	wales
nummer	digits
log	onion
faro	faro
mangan	manganese
lobbyist	lobbyist
lea	leah
kassevogn	van
tjenlig	useful
anden	second
rygsaek	backpack
edmonton	edmonton
afgrund	abyss
engang	once
lovgive	legislate
rikard	richard
vancouver	vancouver
pseudonym	pseudonym
fremhaeve	stress
ejendom	property
snorliv	corset
tiramisu	tiramisu
karbon	carbon
svane	swan
grovaede	devour
cuba	cuba
kopra	copra
emilie	emily
krumme	crumb
miniskort	miniskirt
geograf	geographer
betlehem	bethlehem
kernetarn	keep
solvtoj	silverware
bengaler	bengali
radgiver	advisor
slavisk	slavic
talmodighed	patience
syndebuk	scapegoat
orjol	oryol
lingvistisk	linguistic
proletariat	proletariat
hermafrodit	hermaphrodite
frans	francis
konfetti	confetti
mitokondrie	mitochondrion
lovgivende	legislative
koma	coma
rundkorsel	roundabout
pejle	sound
forbruge	consume
fyrretyvende	fortieth
majestaet	majesty
overmod	hubris
dov	deaf
siv	rush
psykologi	psychology
saetstykke	set
medfore	invoke
damask	damask
konspiration	conspiracy
taelle	count
orgel	organ
luftpost	airmail
tomrer	carpenter
portefolje	briefcase
oxytocin	oxytocin
rustvogn	hearse
forklaede	apron
skonhed	beauty
synspunkt	angle
monica	monica
lineaer	linear
mississippi	mississippi
kaetter	heretic
beograd	belgrade
smorepalaeg	spread
fascist	fascist
usbekistan	uzbekistan
patrick	patrick
divisor	divisor
etik	ethics
ingenior	engineer
karrusel	roundabout
matrix	matrix
trompet	trumpet
kursus	course
bundkort	motherboard
straede	strait
knaele	kneel
vers	verse
printe	print
blommefarvet	plum
karikatur	caricature
ubetinget	unconditional
konstant	constant
thor	thor
obstetrik	obstetrics
manila	manila
goa	goa
tizian	titian
komponent	component
vugge	cradle
aerologi	aerology
ortoreksi	orthorexia
citer	zither
allokering	allocation
kvadreret	quarterly
ludo	ludo
ginseng	ginseng
stearinlys	candle
halefinne	fin
almen	general
surkal	sauerkraut
kategori	category
kommutativ	commutative
theben	thebes
praedikestol	pulpit
sekventiel	consecutive
ene	juniper
promotor	manager
selen	selenium
oplose	disintegrate
kyniker	cynic
rhombe	rhombus
bambus	bamboo
nok	enough
forfinet	refined
facilitere	facilitate
tribune	stand
hjemby	hometown
inkunabel	incunable
havre	oat
grundled	subject
nikoline	nicola
kamfer	camphor
gemyt	temper
finanskvinde	financier
akkolade	accolade
meuse	meuse
sumerer	sumerian
turisme	tourism
promethium	promethium
gumle	chew
imam	imam
montenegro	montenegro
taendstik	match
emil	emil
luftfartoj	aircraft
vaerdi	value
viking	viking
praege	stamp
aerofobi	aerophobia
hessen	hesse
naermest	if
stavelse	syllable
orn	eagle
vanlig	common
dissekere	dissect
aroma	aroma
kursivere	italicize
optaelling	count
marv	marrow
superhelt	superhero
veltalende	voluble
nekromanti	necromancy
hedelyng	heather
raemne	blank
tronraner	usurper
sats	movement
kuller	haddock
krydse	cut
frikativ	fricative
elektricitet	electricity
bagdad	baghdad
butiksejer	shopkeeper
megalomani	megalomania
lysebrun	fawn
gennemsnit	average
stamfader	ancestor
panenteisme	panentheism
valentin	valentine
nulte	zeroth
tjita	chita
diagnose	diagnosis
australasien	australasia
stockholm	stockholm
kardioide	cardioid
parfait	parfait
osmannisk	ottoman
odelaeggelse	destruction
skalpel	scalpel
faktorisere	factor
djaevel	fiend
fenris	fenrir
lacrosse	lacrosse
aegypten	egypt
ungarer	hungarian
havegang	path
scientologi	scientology
interesseret	interested
omfortolke	reinterpret
saebe	soap
trondhjem	trondheim
spidsborger	philistine
kloroplast	chloroplast
spastiker	spastic
laese	read
finanslov	supply
skriftestol	confessional
proton	proton
staffeli	easel
idaho	idaho
ulk	sculpin
rationalitet	rationality
hukommelse	memory
skriftefader	confessor
bof	steak
styx	styx
varmeledning	conduction
yderside	face
omgaende	pronto
konfrontere	face
hugtand	fang
iamblichos	iamblichus
rumaenien	romania
alefisk	eel
cystein	cysteine
naegte	deny
injurie	libel
kronologi	chronology
skovskade	jay
hamstre	hoard
fokusere	focus
burgas	burgas
postkort	postcard
ssr	ssr
stedmor	stepmother
ayyavazhi	ayyavazhi
hindre	hinder
kanariefugl	canary
kirkegaenger	churchgoer
catalansk	catalan
kande	can
olielampe	lamp
vedligeholde	maintain
zekarja	zechariah
fraflytning	vacation
kodfarve	flesh
vivian	vivian
skydelaere	calipers
kvaner	angelica
landtange	isthmus
tegner	drawer
ligvogn	hearse
bolgedal	trough
sygehus	hospital
hat	hat
gaffelbuk	pronghorn
praest	priest
regime	regime
mahren	moravia
aserbajdsjan	azerbaijan
tomle	hitchhike
dyrlaege	veterinarian
hofteholder	girdle
las	lock
paedagog	pedagogue
lavendel	lavender
yamoussoukro	yamoussoukro
muse	muse
generositet	generosity
jury	jury
stavefejl	misspelling
kalmebaelte	doldrums
betalingsvej	turnpike
skaffe	supply
fabrikant	maker
sumpbaever	coypu
vadested	ford
galt	boar
usympatisk	unsympathetic
amerikansk	american
grevinde	countess
radmand	councilman
pleje	cultivate
sydvaerk	southwark
lovaendring	amendment
billet	ticket
indbildning	delusion
knold	tuber
akropolis	acropolis
software	software
strandso	lagoon
mandebode	wergeld
purlog	chive
forseelse	error
tab	defeat
trodse	face
kraeft	cancer
skibsfart	navigation
forstuve	sprain
syrisk	syrian
demokrati	democracy
kubus	cube
kid	kid
beslutning	decision
malstrom	maelstrom
huslig	domestic
vingard	vineyard
agern	acorn
abenlys	obvious
udholdenhed	endurance
unicykel	unicycle
torn	thorn
biologisk	biological
achilleus	achilles
angribe	attack
organisme	organism
vanskelighed	difficulty
minnesota	minnesota
guitarist	guitarist
haitiansk	haitian
referent	referent
bornelaege	pediatrician
muslim	muslim
shofar	shofar
kuwait	kuwait
niv	pinch
fremmedgore	alienate
jordbaer	strawberry
smuldre	crumble
lima	lima
mikroskop	microscope
natkjole	nightgown
nargo	naissaar
forsoning	reconciliation
helligbrode	sacrilege
prik	dot
kompetens	competency
bladlos	leafless
emotikon	emoticon
pumpe	pump
zar	tsar
laekke	leak
skefuld	spoonful
stolpe	post
guineansk	guinean
spilde	spill
abnorm	abnormal
elegance	polish
baklava	baklava
hungersnod	famine
hik	hiccup
dodsfodsel	stillbirth
financiel	fiscal
cellofan	cellophane
aggression	aggression
fabrik	factory
bly	lead
score	score
lastvogn	truck
rigdom	wealth
idyl	idyll
basketball	basketball
halo	halo
konjunktion	conjunction
afhaenge	depend
brosme	cusk
vene	vein
inseminere	impregnate
picnic	picnic
forknyt	despondent
usand	untrue
velsigne	bless
telugu	telugu
salme	psalm
statue	statue
gudfar	godfather
stromer	cop
kinesisk	chinese
historiker	historian
middelmadig	mediocre
enkimbladede	monocotyledon
sved	sweat
grin	laughter
udyr	brute
ellevte	eleventh
chef	manager
marts	march
grape	grapefruit
bruxelles	brussels
ester	esther
nationalitet	nationality
tyktarm	colon
kamera	camera
polyteisme	polytheism
udvalgt	elect
flojlsblomst	marigold
verbbojning	conjugation
terne	tern
tagrende	trough
roman	novel
afasi	aphasia
mekanisme	mechanism
soroveri	piracy
virus	virus
malicios	malicious
holdbarhed	sustainability
sejle	sail
galakse	galaxy
amnesi	amnesia
gartner	gardener
polymere	polymerize
tennis	tennis
israelsk	israeli
horkarl	adulterer
glemme	forget
sendetid	airtime
grapefrugt	grapefruit
zodiak	zodiac
bisjkek	bishkek
korrunding	apse
konsonant	consonant
barnebarn	grandchild
betegnelse	designation
myg	gnat
kranie	skull
tyngdekraft	weight
thora	thora
schweiz	switzerland
firedobbelt	quadruple
impala	impala
hurtigt	quickly
spisekort	menu
oceanien	oceania
rokere	castle
uegennyttig	altruistic
femling	quintuplet
tipi	teepee
relaterede	related
anholdelse	arrest
kattekilling	kitty
afspaerring	barrier
konsistent	consistent
valgfri	optional
trolddom	witchcraft
malaria	malaria
halvtredser	fifty
fatwa	fatwa
basar	bazaar
stikdase	socket
kvidder	tweet
transparent	transparent
jihad	jihad
kapitalist	capitalist
armband	bracelet
kalorm	caterpillar
enkryptere	encrypt
rig	rich
vigtigste	prime
dnepr	dnieper
slaegtskab	kinship
satans	goddamn
worms	worms
rog	smoke
fure	furrow
fremover	henceforth
floppydisk	floppy
ligning	equation
dubrovnik	dubrovnik
spanioler	spaniard
nato	nato
lettisk	latvian
tidligste	prime
stak	queue
biflod	tributary
lukas	luke
giraf	giraffe
samtidig	contemporary
opsynsmand	overseer
optrin	scene
palindrom	palindrome
journalistik	journalism
boksning	boxing
haende	happen
ghanesisk	ghanaian
domstol	court
pedant	pedant
nittener	nineteenth
technetium	technetium
abrikos	apricot
intetkonsord	neuter
opdrift	buoyancy
ligtale	eulogy
ligkiste	coffin
montana	montana
jordart	earth
auvergne	auvergne
laenseport	scupper
abessiner	abyssinian
identisk	identical
hanaesel	jack
pafugl	peacock
louvre	louvre
gavnlig	beneficial
rodding	char
uganda	uganda
nedgore	humble
omaner	omani
josef	joseph
kompost	compost
rustrod	rusty
regent	regent
kommunisme	communism
forvandle	turn
forlob	process
misantrop	misanthrope
cremefarve	cream
finskytte	marksman
euforisk	euphoric
skubbe	push
fuldmaegtig	proxy
utilsloret	naked
okkultisme	occult
slingre	reel
jordforbinde	earth
alrune	mandrake
strygejern	iron
dromedar	dromedary
traeffende	poignant
hundrede	hundred
nattesovn	night
wien	vienna
stakkels	poor
arbejdslos	unemployed
fingerspids	fingertip
sorge	mourn
torstig	thirsty
kamille	camomile
afgang	departure
kamilla	camilla
hel	whole
panter	panther
bespotte	blaspheme
botanik	botany
vakuum	vacuum
uruguay	uruguay
sjaekkel	shackle
milkshake	shake
spanskror	rod
ganymedes	ganymede
laendeklaede	loincloth
korde	chord
ynkelig	pathetic
offentlig	public
bamako	bamako
diftong	diphthong
har	hair
kirgisistan	kyrgyzstan
inkontinens	incontinence
isop	hyssop
isfugl	kingfisher
larm	noise
sippet	prudish
gambit	gambit
lokal	local
pat	stalemate
kujon	poltroon
saelge	sell
cyanid	cyanide
kenning	kenning
pol	pole
besidde	possess
hverken	neither
malstolpe	post
flanke	flank
kostume	costume
washington	washington
reciprok	reciprocal
bosnien	bosnia
nogetsteds	somewhere
script	script
ortogonal	orthogonal
fotografere	photograph
toscana	tuscany
blokade	blockade
nyktofobi	nyctophobia
febersyg	febrile
ojenbryn	eyebrow
vaelte	topple
meridian	longitude
flot	flash
litauen	lithuania
kurfyrstinde	elector
forsejl	foresail
nikaea	nicaea
bestik	cutlery
ejer	owner
udskyldning	irrigation
opfarende	irascible
anemone	anemone
udsta	stand
lave	make
bandit	bandit
langs	along
flamsk	flemish
omfang	spread
homoostase	homeostasis
storm	storm
inferno	inferno
laesbar	legible
krater	crater
iskias	sciatica
enaegget	identical
sekstiarig	sexagenarian
varians	variance
stime	school
basun	trombone
skalle	headbutt
gallien	gaul
mikkel	michael
lamslaet	astounded
jenny	jenny
rav	amber
reducere	depleted
kone	wife
ramme	meet
udplante	transplant
liturgisk	liturgical
diminutiv	diminutive
milliontedel	millionth
betlerske	beggar
tuneser	tunisian
amnesti	amnesty
svaerdfisk	swordfish
dadyrfarvet	fawn
sen	late
ejder	eider
slang	slang
tennessee	tennessee
sandal	sandal
enzym	enzyme
goddag	hi
barnepige	babysitter
kalif	caliph
bachelor	bachelor
kaempepanda	panda
gengivelse	definition
opposition	opposition
trykstaerk	stressed
iris	iris
hortensia	hydrangea
imponerende	imposing
maklon	mahlon
rumpe	behind
sejl	sail
lar	thigh
italiener	italian
lanterne	lantern
tiger	tiger
sandpapir	sandpaper
polak	pole
deling	platoon
faengslende	fascinating
skjulested	hideout
slavinde	slave
minibus	minibus
hveden	whence
engel	angel
karakal	caracal
forsinket	behind
multe	mullet
graekenland	greece
prostitution	prostitution
dvaerg	dwarf
treenighed	trinity
forholdsord	preposition
ego	ego
grundstykke	lot
fladfisk	flatfish
ojenlag	eyelid
blodtorstig	bloodthirsty
knalde	bang
jaeger	hunter
forfatning	constitution
damper	steamboat
bagbord	port
afsender	sender
volt	volt
altruistisk	altruistic
pladder	babble
korporal	corporal
klump	nugget
kristus	christ
amsterdam	amsterdam
fermentere	ferment
anglofil	anglophile
triumftog	triumph
niue	niue
repetere	revise
sekstant	sextant
bosseradar	gaydar
bismer	steelyard
peipus	peipus
hverdag	weekday
sylvia	silvia
hvalros	walrus
yde	supply
ouagadougou	ouagadougou
pause	break
windhoek	windhoek
median	median
sogbar	searchable
peru	peru
hindu	hindu
indvandring	immigration
latex	latex
oberst	colonel
censur	censorship
vraenge	nag
afrikaans	afrikaans
sognebarn	parishioner
hunger	starvation
festlig	festive
dubnium	dubnium
tanja	tania
udlevere	deliver
synkronisere	synchronize
haendelse	event
fund	find
cremefarvet	cream
trykker	printer
sensor	sensor
vaette	wight
basjkirsk	bashkir
privat	private
personsoger	pager
oceanier	oceanian
richmond	richmond
landkrabbe	landlubber
elektron	electron
xylofon	xylophone
tolerere	countenance
flokkes	cluster
monster	rhythm
ina	ina
tommermand	carpenter
fiskemand	fishmonger
arsakoorfik	ashtray
dato	date
sepsis	septicemia
vindue	window
euro	euro
argentiner	argentinian
nitrat	nitrate
biofysik	biophysics
arrogance	arrogance
engroshandel	wholesale
realist	realist
araberhest	arab
arvestykke	heirloom
vabenlager	arsenal
kryptografi	cryptography
fjendtlighed	hostility
dase	can
hvorvidt	if
tojsnor	clothesline
disclaimer	disclaimer
frustreret	frustrated
gnaven	cranky
udhungret	famished
oprigtig	sincere
dateret	dated
peleus	peleus
bifag	minor
kristen	christian
tekande	teapot
hovedskalp	scalp
ophidset	excited
ojeblikkelig	immediate
lue	flame
dims	thingamabob
haetteklaedt	hooded
diabetes	diabetes
hofsnog	sycophant
koncert	concert
pejling	bearing
brest	brest
astrofysiker	astrophysicist
ambitios	ambitious
afrika	africa
ombytte	change
bolsje	sweet
vaernemagt	wehrmacht
marionet	puppet
kraftig	brawny
aerodynamisk	aerodynamic
kvaeles	suffocate
skridtbind	jockstrap
lovloshed	lawlessness
glosarium	glossary
skamlaeber	labia
tjetjensk	chechen
duehog	goshawk
fjortende	fourteenth
doden	death
hyggesnakke	chatter
doktorere	doctor
beundrer	admirer
famle	finger
eritrea	eritrea
vinstok	grapevine
indvillige	acquiesce
anekdote	anecdote
rationel	rational
hermelin	ermine
brodflov	peckish
indfatte	set
datere	date
triumf	triumph
idiom	idiom
festival	festival
haek	hedge
islamisering	islamization
themsen	thames
arkaeologi	archaeology
nymodens	newfangled
falafel	falafel
stadie	stage
byggeri	building
loddemetal	solder
flaskehals	bottleneck
kommentere	comment
rullegardin	blind
bage	bake
stadig	still
californien	california
identitet	identity
seksten	sixteen
sjaelland	zealand
udgaet	dated
skatteyder	taxpayer
udvirke	work
bhutan	bhutan
valhalla	valhalla
privatlaerer	tutor
castor	castor
skrammel	trash
elsker	lover
falanks	phalanx
uendelighed	infinity
kutte	cowl
erigere	swell
sexisme	sexism
sandet	sandy
badminton	badminton
slikkepot	lickpot
oversaette	translate
illusion	illusion
helium	helium
ornitologi	ornithology
billig	cheap
plekter	plectrum
kapitalisme	capitalism
elleve	eleven
bistaettelse	funeral
violet	purple
magnus	magnus
argumentere	argue
katete	cathetus
asuncion	asuncion
laesse	embarge
skraelle	peel
koefficient	coefficient
sminke	makeup
fol	foal
akustisk	acoustic
soldat	soldier
rijeka	rijeka
hrodna	grodno
undertekst	subtitle
olympia	olympia
karnataka	karnataka
manchet	cuff
annam	annam
national	national
perser	persian
spaekhugger	orca
kornkammer	garner
replik	retort
avis	newspaper
honduras	honduras
giftermal	marriage
mormon	mormon
tim	timothy
opdaekning	spread
ulovlig	unlawful
aposiopese	aposiopesis
lomvie	guillemot
malaysier	malay
malayalam	malayalam
chauvinisme	chauvinism
silicium	silicon
selvbiografi	autobiography
tidsalder	age
tyrol	tyrol
doha	doha
lyon	lyons
rullebord	coaster
manitoba	manitoba
lyde	sound
lokomotiv	locomotive
guadeloupe	guadeloupe
svaekling	weakling
kobenhavn	copenhagen
patriotisme	patriotism
paris	paris
hmong	hmong
stilfaerdig	unobtrusive
kilogram	kilogram
betingning	conditioning
samson	samson
udvaelge	choose
laerdom	erudition
regel	rule
glimre	shine
polygon	polygon
anorak	anorak
fortlobende	consecutive
dennis	dennis
lava	lava
aarhus	aarhus
ansogning	request
gemse	chamois
tilgaengelig	available
forraederi	treason
bestikkelse	bribe
kombinatorik	combinatorics
skraemmende	scary
hestesko	horseshoe
dortmund	dortmund
pyongyang	pyongyang
efesos	ephesus
melodi	melody
overlastet	overweight
ovenstaende	above
hvidblomme	snowflake
majroe	turnip
postulat	postulate
ophidse	kindle
treklover	trefoil
vinkelmaler	protractor
angivelig	allegedly
foton	photon
tasmanien	tasmania
gaffeltruck	forklift
luftstrom	wind
usagt	unspoken
burka	burka
hakkekod	hamburger
parade	parade
utrolig	unbelievable
hinduist	hindu
uafhaengig	independent
karon	charon
tryne	snout
set	seth
bogforing	accounting
symbiose	symbiosis
greb	fork
auktionarius	auctioneer
kaglen	clatter
ulighed	inequality
gallisk	gaulish
makron	macaroon
refugium	haven
stolthed	pride
waliserne	welsh
mus	mouse
stopur	stopwatch
tvivle	doubt
adrian	adrian
konnotation	connotation
mistaenksom	suspicious
metro	metro
aftenklokke	curfew
omhyggelig	scrupulous
sovaern	navy
uartig	naughty
offside	offside
niger	niger
sleske	fawn
jodle	yodel
rabbiner	rabbi
autograf	autograph
mellemkod	perineum
sidestik	stitch
lugtesans	smell
stoj	noise
fotosyntese	photosynthesis
nodsituation	distress
albue	elbow
amanda	amanda
skarpsindig	astute
jalapeno	jalapeno
androgyn	androgyne
tradition	tradition
zoologi	zoology
nap	pinch
ballast	ballast
pram	barge
mesanmast	mizzenmast
ribben	rib
aktivt	fierce
shanghaje	shanghai
lethed	easiness
usurpator	usurper
stodder	vagabond
skrummel	monstrosity
sporge	ask
shampoo	shampoo
dorvogter	bouncer
bogstav	letter
falsk	false
isolere	isolate
vare	goods
bengalen	bengal
flandern	flanders
jagtfalk	gyrfalcon
indgang	entrance
albino	albino
berlin	berlin
diskret	discreet
edderkop	spider
qua	qua
kunstmaler	painter
eurasisk	eurasian
islamabad	islamabad
forspil	foreplay
bourgogne	burgundy
fasankok	cock
lunde	puffin
aeneas	aeneas
sjette	sixth
borgtarn	keep
titusbrevet	titus
ukraine	ukraine
firarig	quarterly
ikosaeder	icosahedron
hjemsted	homestead
hydrofob	hydrophobic
historisk	historical
rullestol	wheelchair
libanon	lebanon
bluetooth	bluetooth
tablet	pill
eksplodere	explode
retorik	rhetoric
usaltet	sweet
blomst	flower
taellelig	countable
skule	frown
ohio	ohio
akrobat	acrobat
josefine	josephine
haeldning	slope
luftballon	balloon
sydvest	southwest
charlotte	charlotte
kuvert	envelope
tredivte	thirtieth
demonstrativ	demonstrative
alge	alga
meteorologi	meteorology
kristendom	christianity
ukonnet	neuter
satyr	satyr
udmattet	exhausted
gaborone	gaborone
difteritis	diphtheria
gronlig	greenish
nihilisme	nihilism
sotji	sochi
prioritet	priority
cache	cache
cymos	cymose
bengali	bengali
tonefald	tone
krase	gizzard
macademia	macadamia
jersey	jersey
jordnaer	humble
ande	breathe
bipolar	bipolar
nymfe	nymph
gennemtaenkt	deliberate
stroboskop	stroboscope
choker	choke
rodme	color
karavel	caravel
forblommet	ambiguous
termitter	termite
lahar	lahar
urteagtig	herbaceous
altruisme	altruism
tjans	task
visse	certain
ahorn	maple
eskimo	eskimo
boston	boston
force	metier
mafia	mafia
retskrivning	orthography
perfekt	perfect
dorklokke	doorbell
uagtet	notwithstanding
morbaer	mulberry
jodling	yodel
guelf	guelph
egenskabsord	adjective
knag	brick
forret	starter
lyssvaerd	lightsaber
hjertekammer	ventricle
redskab	tool
uenighed	quarrel
raedselsfuld	atrocious
konfirmeret	confirmed
bulgarien	bulgaria
kvindagtig	effeminate
vrangvillig	sullen
acorerne	azores
skovl	shovel
nethinde	retina
turku	turku
kastanjerod	auburn
grine	laugh
libysk	libyan
xenofobi	xenophobia
nordmand	norwegian
henvejre	dispel
brosten	cobblestone
araber	arab
stereotyp	stereotype
proveniens	provenance
libertiner	rake
hovedbrud	conundrum
aflaesning	reading
salig	late
autisme	autism
svejser	welder
moroni	moroni
uforudsigbar	capricious
triptykon	triptych
nocebo	nocebo
tikaemper	decathlete
tillaegsord	adjective
van	van
montvaskeri	launderette
derivat	derivative
xenofob	xenophobe
skraedder	tailor
makaber	gruesome
lyserod	pink
anstodelig	offensive
britisk	british
breviar	breviary
sodme	sweetness
guddommelig	divine
bisp	bishop
lutheranisme	lutheranism
diakon	deacon
ukrainer	ukrainian
fender	fender
fluesmaekker	flyswatter
skrive	write
vendt	face
monaco	monaco
abel	abel
firkantet	quadrilateral
spejder	scout
nedsaette	cut
sammenhold	cohesion
chikanere	hassle
halshugge	behead
hyaene	hyena
haengelas	padlock
midthjernen	midbrain
tryksvag	unstressed
entomolog	entomologist
revy	revue
rummet	space
fordojelse	digestion
sokrates	socrates
ugli	ugli
eskadrille	squadron
stenet	stony
moskovitisk	muscovite
dvaele	dwell
euroskeptisk	eurosceptic
kopper	smallpox
bizar	bizarre
egoistisk	selfish
ordre	order
emanuel	emmanuel
athenienser	athenian
vildlede	mislead
maurisk	moorish
palaver	palaver
atlanta	atlanta
kadmium	cadmium
nittendedel	nineteenth
antonym	antonym
hjort	deer
ikonostase	iconostasis
vasketoj	laundry
baron	baron
ufiltreret	unfiltered
holdepunkt	clue
smetana	smetana
fod	foot
svaervaegt	heavyweight
intethed	oblivion
ble	diaper
espetrae	aspen
finke	finch
ribbe	sack
bujumbura	bujumbura
tyrannisere	bully
malajisk	malay
kolonist	colonist
nitrogen	nitrogen
mysterium	mystery
isbjerg	iceberg
heltling	vendace
formaldehyd	formaldehyde
varulv	werewolf
lege	play
paedagogik	pedagogy
lettelse	relief
smaragd	emerald
jagte	chase
bistro	bistro
kolnervand	cologne
aeggehvide	albumen
victoria	victoria
mikrobe	microbe
partisk	partial
gabon	gabon
sutur	seam
hetman	hetman
opfede	flesh
avispapir	newspaper
tordenvejr	thunderstorm
kejserdomme	empire
pointe	point
kappeklaedt	caped
arkaeolog	archaeologist
draen	drain
medfodt	congenital
lissabon	lisbon
geologi	geology
mejeri	dairy
mesterskab	championship
jonglor	juggler
haletudse	tadpole
rost	voice
afskrabe	abrade
saekkepibe	bagpipes
persille	parsley
hulda	huldah
portugiser	portuguese
gnejs	gneiss
shahadah	shahada
rhodium	rhodium
vom	rumen
fortrolighed	confidence
sobred	lakeshore
nektar	nectar
hypotetisk	hypothetical
kroat	croatian
nepalesisk	nepali
pude	cushion
skybrud	cloudburst
delelig	divisible
regine	regina
edomit	edomite
bidrag	contribution
tolvte	twelfth
slikkepind	lollipop
kalksten	limestone
kdm	hdms
hudflette	excoriate
eng	meadow
nikkel	nickel
trusser	panties
nikke	nod
endelig	final
eftersnakker	follower
assassiner	assassin
indenrigs	domestic
lurer	lurker
dig	you
tampon	tampon
huske	remember
barbara	barbara
fernis	varnish
brushane	ruff
lummer	sultry
denver	denver
skattefund	hoard
morgue	morgue
ottawa	ottawa
losrivelse	secession
febril	febrile
dansker	dane
dampe	steam
mide	mite
karavane	caravan
danmark	denmark
restaurant	restaurant
prins	prince
paula	paula
irsk	irish
kremlologi	kremlinology
grimassere	grimace
opredning	spread
spidde	impale
hypnos	hypnos
familie	family
sejrrig	victorious
kriminel	criminal
abkhasisk	abkhaz
okologi	ecology
lensherre	lord
buste	bust
aargau	aargau
smadre	break
partisan	partisan
gaeld	debt
lappedykker	grebe
daglig	daily
servitut	easement
skandinavisk	scandinavian
fristed	haven
fastsat	set
anglisere	anglicise
spytte	spit
lok	lock
miami	miami
propfuld	jammed
rubrik	blank
fiktion	fiction
kristenhed	christendom
tuva	tuva
spiral	spiral
trekant	triangle
illegitim	illegitimate
eftermiddag	afternoon
baegerglas	beaker
snerpet	prudish
valgmand	elector
syvende	seventh
stoppested	stop
lufttaet	airtight
ganges	ganges
tredive	thirty
volleyball	volleyball
geofysik	geophysics
medvind	tailwind
hedde	hight
farehund	sheepdog
berolige	calm
malgruppe	market
fregat	frigate
rille	slot
kooperation	cooperation
dodsleje	deathbed
komedie	comedy
posthum	posthumous
bevagenhed	attention
fejltrin	stumble
kemiker	chemist
kalkun	turkey
organisk	organic
vaerdiboks	safe
vandfly	seaplane
sara	sarah
tandbojle	braces
traelos	treeless
bison	buffalo
vagabond	vagabond
jugoslaver	yugoslavian
donau	danube
skiftenogle	wrench
unicode	unicode
sverige	sweden
kronologisk	chronological
austin	austin
betyde	mean
horde	horde
kiosk	kiosk
quiz	quiz
skurvefugl	butterfly
fodre	feed
ubehag	distress
foletrad	feeler
bilko	tailback
letland	latvia
lahti	lahti
jugoslavisk	yugoslavian
glaede	happiness
plov	plough
transportere	transport
gafle	fork
atlingand	garganey
samoa	samoa
kaukasus	caucasus
dreven	astute
skuffelse	disappointment
overhore	overhear
skaeg	beard
tysker	german
marsboer	martian
kassiopeia	cassiopeia
bachelorgrad	bachelor
bagklogskab	hindsight
partitur	score
bleghed	paleness
tidlig	early
bryde	break
spondae	spondee
fjerkrae	poultry
butik	shop
caroline	caroline
plade	record
molaritet	molarity
pragt	glory
ledestjerne	lodestar
mund	mouth
itu	up
blod	blood
valgt	elect
reaktiv	reactive
slas	fight
negligering	neglect
fjendtlig	enemy
capitol	capitol
ansvar	responsibility
bedst	best
omfattende	comprehensive
kastanje	chestnut
graes	grass
traede	tread
fodboldspil	football
pornograf	pornographer
mutation	mutation
akkord	chord
kokon	cocoon
kanonkugle	cannonball
bopael	residence
museum	museum
snoning	turn
refleksion	reflection
forkert	wrong
spartansk	spartan
abenbart	apparently
typografi	typography
kilovare	kiloware
haitisk	haitian
advokat	lawyer
dago	hiiumaa
boffel	buffalo
hvadbehager	pardon
partikel	particle
nade	mercy
talmodig	patient
boykot	boycott
roe	fawn
ubesinding	heedless
sublimere	sublime
sidste	last
morgen	morning
kaernemaelk	buttermilk
massage	massage
drivbaenk	hotbed
tsunami	tsunami
dyle	dyle
dysprosium	dysprosium
skrivebord	desk
stinke	smell
gangraen	gangrene
baglyd	auslaut
traet	tired
tuberkulose	tuberculosis
skaerpe	sharpen
asteroide	asteroid
sidde	sit
sergent	sergeant
annektion	annexation
usedom	usedom
tast	key
puffer	buffer
gaest	guest
aerme	sleeve
tiggerske	beggar
dimension	dimension
jorde	earth
plovfure	furrow
gnufle	nom
oland	oland
oktober	october
liberia	liberia
hoved	head
timeglas	hourglass
melanesien	melanesia
forbehold	reservation
klove	cleave
ordret	verbatim
polyaetylen	polyethylene
libaneser	lebanese
synopse	synopsis
ragout	ragout
bedstemor	grandmother
vandelskende	hydrophilic
spogelsesabe	tarsier
institut	institute
hosea	hosea
epos	epic
asparges	asparagus
takstrae	yew
drobel	uvula
synlig	visible
klapre	chatter
knaphul	buttonhole
barfodet	barefoot
peloponnes	peloponnese
kommunikere	communicate
syv	seven
husfru	housewife
drejning	turn
nedbor	precipitation
viadukt	viaduct
blidt	softly
taendsats	primer
motbydelig	heinous
kedel	kettle
filte	felt
malmo	malmo
genfaerd	ghost
babyloner	babylonian
selma	selma
rumtid	spacetime
lennart	leonard
diabetiker	diabetic
fjerdedel	quarter
femten	fifteen
alibi	alibi
doktorgrad	doctorate
cello	cello
korvel	chervil
celebritet	celebrity
trykfejl	typo
bughule	abdomen
dhaka	dhaka
andreas	andrew
patetisk	pathetic
dodsannonce	obituary
pomelo	pomelo
metode	method
invasion	invasion
vandalisme	vandalism
facet	facet
undersat	subject
autonomi	autonomy
tjern	tarn
komplicere	complicate
rosenkrans	rosary
sundhed	health
solvpapir	tinfoil
ypsilon	upsilon
tyranni	tyranny
usejr	defeat
brasiliansk	brazilian
bridgetown	bridgetown
vaege	wick
arligt	annually
enfoldig	naive
aerogram	aerogram
maraton	marathon
rosmarin	rosemary
dyrehjem	pound
kryptologi	cryptology
retsbygning	courthouse
dorisk	doric
ubojelig	indeclinable
lyve	lie
overbegreb	hypernym
klima	climate
raeven	vulpecula
spiseror	oesophagus
pollen	pollen
parodiere	parody
vagtpost	lookout
financier	financier
ravfarve	amber
gaelle	gill
arkhangelsk	arkhangelsk
dessert	dessert
saba	saba
pakistan	pakistan
slips	necktie
bynke	mugwort
skael	dandruff
biskop	bishop
ase	slog
blasfemi	blasphemy
sarkasme	sarcasm
prosodi	prosody
praesentere	set
pingvin	penguin
ojenlaege	ophthalmologist
komfur	stove
tidsel	thistle
pige	girl
bispesaede	bishopric
johannes	john
dushanbe	dushanbe
forvisse	confirm
hjemad	home
arkiv	archive
mulaesel	hinny
filosofi	philosophy
taerskel	threshold
modsat	opposite
spermatozo	spermatozoon
bovse	burp
percussion	percussion
matematisk	mathematical
kosmologi	cosmology
piletrae	willow
tilpassede	fitted
flyselskab	airline
indbegrebet	epitome
hvorimod	whereas
dejlig	lovely
stipendium	scholarship
uoriginal	derivative
kno	knuckle
uventet	unexpectedly
website	website
hamlet	hamlet
tegnsaetning	punctuation
milligram	milligram
anhaenger	trailer
helene	helen
baronesse	baroness
roveri	robbery
bundfald	precipitate
egenkapital	equity
ensilage	silage
tungetale	glossolalia
lovgiver	legislator
uberettiget	illegitimate
megalit	megalith
cognac	cognac
sta	stand
sundet	oresund
enstemmig	unanimous
vegetar	vegetarian
anopsi	anopia
aekvatorial	equatorial
addere	add
liter	litre
knarand	gadwall
knaeskal	kneecap
ammunition	ammunition
overlade	leave
babysitning	babysitting
epilepsi	epilepsy
basisk	basic
esp	aspen
elista	elista
skandale	scandal
lampe	lamp
nogleben	clavicle
desperat	desperate
aflytte	eavesdrop
citronsmag	lemon
katalyse	catalysis
afdod	deceased
stratosfaere	stratosphere
doktor	doctor
slovener	slovene
dirigere	direct
brasilia	brasilia
sultanat	sultanate
vaern	safeguard
cellulose	cellulose
saedvane	custom
bevaeggrund	motive
handgemaeng	melee
ostrava	ostrava
opfedning	fattening
jalousi	jealousy
hvort	where
egern	squirrel
kontakte	contact
harpe	harp
bonsaitrae	bonsai
pibekrave	ruff
overjeg	superego
malestok	scale
undvaere	forgo
kokkerere	cook
erudition	erudition
referere	refer
polet	token
abstrakt	abstract
vaesener	creature
opkraever	collector
kaskade	cascade
obskon	vulgar
buket	bouquet
saeson	season
hjemlos	homeless
bajonet	bayonet
sydkorset	crux
indonesere	indonesian
blokere	block
efeu	ivy
kranium	skull
klagerab	wail
ernaering	nutrition
lakaj	lackey
estrade	stand
indlede	open
hankon	masculine
cypriot	cypriot
lugte	smell
modificere	modify
japanere	japanese
rumlig	spatial
afbode	cushion
fjert	wind
aarau	aarau
rus	freshman
forfriskende	fresh
nation	nation
bode	ticket
annektering	annexation
irrationel	irrational
enig	unanimous
overrasket	surprised
bomuld	cotton
knast	knot
arbog	yearbook
stankelben	cranefly
sabotor	saboteur
brodere	work
mission	task
skruelinje	helix
mistaenkelig	suspicious
udrensning	purge
luthersk	lutheran
harsbredde	whisker
naeldetrae	hackberry
hemlock	hemlock
syrah	shiraz
iboende	inherent
ernst	ernest
brodermorder	fratricide
spogelse	ghost
kognitiv	cognitive
karien	caria
brystvorte	nipple
sendte	sent
gatur	walk
born	child
conakry	conakry
isotop	isotope
albert	albert
pest	plague
gabriel	gabriel
kenya	kenya
pinsedag	whitsunday
overnatning	night
hepatitis	hepatitis
rektor	headmistress
handtryk	handshake
bogmaerke	bookmark
fordele	spread
spade	spade
lampeskaerm	lampshade
tunis	tunis
funk	funk
indstille	set
tonus	tone
fontorrer	hairdryer
konveks	convex
vandmaerke	watermark
kampala	kampala
chatte	chat
slaebebad	tugboat
humorsyg	moody
heksemester	warlock
gnave	gnaw
attika	attica
osmanner	ottoman
madagaskar	madagascar
herold	herald
aftagende	down
fersken	peach
kindtand	molar
papegoje	parrot
gravplads	graveyard
outdated	outdated
bro	bridge
ordentlig	orderly
elg	moose
vinkle	angle
bladre	browse
population	population
pythagoras	pythagoras
malware	malware
inflation	inflation
grammatik	grammar
karbonpapir	carbon
malvogter	goalkeeper
aorist	aorist
benaegte	deny
opvakt	bright
kristtorn	holly
optraeden	demeanor
tellur	tellurium
afreagere	abreact
fremad	along
vekselpenge	change
fyldning	filling
feminist	feminist
vejre	fly
malachis	malachi
gletsjer	glacier
boykotte	boycott
stikkontakt	socket
koffein	caffeine
tiendedel	tenth
praeposition	preposition
tvaertimod	rather
myanmar	myanmar
fjerde	fourth
athener	athenian
ojelag	eyelid
tanzania	tanzania
stereoanlaeg	stereo
regiment	regiment
solvfisk	silverfish
hypermarked	hypermarket
snebold	snowball
tjald	oystercatcher
broderskab	brotherhood
overvurdere	overestimate
krydderi	spice
papegojesyge	psittacosis
bosnisk	bosnian
muligvis	possibly
ugle	owl
otte	eight
ellen	ellen
orne	boar
lokkemiddel	lure
frossen	frozen
generation	generation
ravgylden	amber
ojenvippe	eyelash
ingrid	ingrid
udvidelse	development
dryp	plop
kaldaea	chaldea
eksistere	exist
mog	dung
niklas	nicholas
lovfaeldende	deciduous
ordinere	ordain
vaasa	vaasa
femern	fehmarn
syntetisere	synthesize
naturalisme	naturalism
sekulaer	secular
oxidere	oxidize
grufuld	heinous
koste	cost
anarki	anarchy
populaer	popular
klart	clearly
despekt	disdain
biomolekyle	biomolecule
karisma	personality
grod	mash
password	password
forhastet	slapdash
total	two
tirsdag	tuesday
barre	bar
evangelist	evangelist
hyacint	hyacinth
seaborgium	seaborgium
interesse	interest
strygerne	string
beklager	sorry
lift	lift
hyldebaerer	bracket
feber	fever
svensk	swedish
jazz	jazz
dusjanbe	dushanbe
rensdyr	reindeer
urimelig	unreasonable
palaestina	palestine
forskellige	various
detektiv	detective
endogami	endogamy
klasse	class
malle	catfish
rotte	rat
dej	dough
jehova	jehovah
hellenist	hellenist
dynasti	dynasty
synge	sing
storhertug	duke
skaering	intersection
stafet	baton
klio	clio
afvente	await
fable	fable
stress	stress
evangelium	gospel
bestjaele	rob
forstand	understanding
rektangel	rectangle
enok	enoch
lindre	alleviate
hidtil	hitherto
partiskhed	bias
provisorisk	provisional
praestekrave	ruff
paratakse	parataxis
collage	mosaic
kleptomani	kleptomania
venedig	venice
gejstlig	cleric
mukke	nag
pyrit	pyrite
lobehjul	scooter
knusende	crushing
modtagelig	receptive
alveolar	alveolar
yakokse	yak
angorakat	persian
litchi	lychee
brandsikker	fireproof
tonga	tonga
smolf	smurf
barbere	shave
miav	meow
benghazi	benghazi
antares	antares
vabenbroder	comrade
rigtighed	propriety
forforerske	seductress
monttelefon	payphone
solvmont	silver
antydning	vestige
handlaesning	palmistry
hebraisk	hebrew
niggerdreng	pickaninny
hercegovinsk	herzegovinian
kendeord	article
golfer	golfer
baere	carry
bagi	aback
atgejr	halberd
udbygning	development
affolkning	depopulation
hojttaler	speaker
valmue	poppy
sindigt	deliberately
viaticum	viaticum
projekt	project
bogstavelig	literal
hjerne	brain
francium	francium
ortodoksi	orthodoxy
omkomme	die
mut	sullen
alice	alice
kommissaer	commissioner
vinke	wave
alveolaer	alveolar
krage	crow
embedsstav	baton
bosnier	bosnian
hold	team
vanern	vanern
lysosom	lysosome
latin	latin
recitation	recitation
enevaelde	absolutism
klaedeskab	wardrobe
analyse	analysis
kongemorder	regicide
nedtaelling	count
bronzefarvet	bronze
saturn	saturn
iraner	iranian
charlatan	charlatan
krudt	gunpowder
aragonisk	aragonese
pendle	commute
laererinde	teacher
fodder	foot
nodvendig	necessary
denali	denali
tora	torah
kortslutte	short
udskrive	print
bund	bottom
valgmulighed	option
dampende	steaming
kaktus	cactus
belobe	amount
galizien	galicia
guldfisk	goldfish
tavshed	silence
udove	practise
unheldig	unlucky
arvagenhed	vigilance
bind	book
indvie	blabber
skaegget	bearded
lapland	lapland
option	option
ubrugelig	useless
slaver	slav
malabo	malabo
kvadron	quadroon
gynaekologi	gynecology
vibrator	dildo
aegtemand	husband
graeskar	pumpkin
bronze	bronze
kommunistisk	communist
dresden	dresden
pibeand	wigeon
leksikal	lexical
kvantificere	quantify
halv	half
afledt	derivative
fuldende	accomplish
klatmaler	dauber
omgive	belt
ulv	wolf
kaluga	kaluga
indeholde	contain
alkoholisme	alcoholism
fiskene	pisces
omvende	proselytize
kirurgisk	surgical
kakerlak	cockroach
jernbane	railway
dersom	if
sporvogn	tram
sofie	sophia
komfortabel	comfortable
inshallah	inshallah
faster	aunt
beige	beige
sauna	sauna
marxisme	marxism
besog	visit
poros	porous
forskel	difference
emission	emission
leukaemi	leukemia
kunstnerisk	artistic
kavaler	partner
hadefuld	hateful
koordinere	coordinate
firdelt	quarterly
glaciologi	glaciology
efterligne	copy
jungle	jungle
hugo	hugh
heuristisk	heuristic
hangas	gander
mulat	mulatto
sardinsk	sardinian
barbecue	barbecue
aerlig	honest
ventilator	fan
muslimsk	muslim
ministerium	ministry
pilgrim	pilgrim
svaerhed	difficulty
udrab	cry
georgier	georgian
ideogram	ideogram
wyoming	wyoming
opleve	experience
haitianer	haitian
siciliansk	sicilian
okumeni	ecumenism
sofija	sofia
aeldning	aging
turkis	turquoise
troll	troll
slud	sleet
slagter	butcher
litteraer	literary
akademisk	academic
rite	rite
patriot	patriot
jordemoder	midwife
bahamas	bahamas
lonmorder	assassin
stridsvogn	chariot
muldvarp	mole
beirut	beirut
wok	wok
paradoks	contradiction
mundharpe	harmonica
billigt	cheaply
database	database
vietnameser	vietnamese
senat	senate
surdej	sourdough
jukeboks	jukebox
indlaegge	hospitalize
aiolos	aeolus
snabel	trunk
paramaribo	paramaribo
panik	panic
poltava	poltava
gangster	gangster
officer	officer
drossel	thrush
patras	patras
lakonien	laconia
bekaempe	fight
argos	argos
slagside	bias
eklektiker	eclectic
goen	bark
typograf	typographer
johanne	jane
sennepskal	arugula
faerge	ferry
ekstrovert	extrovert
normandiet	normandy
standard	default
reception	reception
lemfaeldig	careless
ordonnans	orderly
eksalteret	excited
stromsild	argentine
lystfiskeri	fishing
bodybuilder	bodybuilder
koriander	coriander
andelig	spiritual
hegelsk	hegelian
differens	difference
olie	oil
ouija	ouija
oplyst	light
paleologisme	paleologism
dildo	dildo
indlyd	anlaut
sidesting	stitch
ladoga	ladoga
december	december
bedrageri	fraud
kemisk	chemical
opspind	fiction
algerisk	algerian
lawrencium	lawrencium
angiver	betrayer
formodning	assumption
autokefal	autocephalous
husbond	husband
kasjuber	kashubian
trillebor	wheelbarrow
upartisk	impartial
kirkevaerge	churchwarden
retvinklet	right
celle	cell
kornsort	cereal
specialbygge	customize
beredskab	standby
strid	row
selvstaendig	independent
dagligmaerke	definitive
besvangre	impregnate
bandemedlem	gangster
silikone	silicone
elektronisk	electronic
fenrisulven	fenrir
styr	handlebar
citron	lemon
succes	success
kritiker	critic
tjene	serve
stregkode	barcode
spaendvidde	spread
slem	naughty
agronomisk	agronomic
oppe	up
mos	moss
fiber	fibre
knase	scrunch
oologi	oology
naerkamp	melee
lviv	lviv
spog	joke
retronym	retronym
storladenhed	generosity
ruben	reuben
kol	keel
ligatur	ligature
hindi	hindi
indvandre	immigrate
proaktiv	proactive
fejlfri	faultless
knud	canute
brise	breeze
skumfidus	marshmallow
reklamere	advertise
vansire	disfigure
scooter	scooter
gebrokken	broken
epicykel	epicycle
bestyrtelse	consternation
fisefornem	uppity
afbestilling	cancel
turbulens	turbulence
uorden	disorder
halvo	peninsula
medium	medium
mikser	mixer
horekvinde	adulterer
lydpotte	silencer
bogfinke	chaffinch
ildprove	crucible
aramaeisk	aramaic
konkubine	concubine
spoiler	spoiler
martin	martin
fjerbold	shuttlecock
vasektomi	vasectomy
logaritme	logarithm
smeltedigel	crucible
vurdering	assessment
nullerne	noughties
kyzyl	kyzyl
aring	yearling
kaenozoikum	cenozoic
guldblomme	arnica
biograf	cinema
smykker	jewellery
lufthavn	airport
nuuk	nuuk
bryst	chest
pulsare	artery
almaegtig	almighty
okkult	occult
aksel	axel
arkaisk	archaic
rusten	rusty
cypriotisk	cypriot
clairvoyance	clairvoyance
ceder	cedar
santiago	santiago
stridsokse	axe
emotionel	emotional
opstille	set
euboa	euboea
gnosticisme	gnosticism
muldjord	soil
stab	staff
galicisk	galician
edel	ethel
esther	esther
medgift	dowry
berkelium	berkelium
livredder	lifeguard
verden	world
borsmaegler	broker
overlaes	overweight
maettende	filling
ridt	ride
burre	burdock
filippa	philippa
tarvelig	cheap
sofokles	sophocles
fluor	fluorine
kronblad	petal
lodret	vertical
studium	study
udkig	lookout
blasfemisk	blasphemous
digte	write
rundorm	roundworm
brage	bang
enantiomer	enantiomer
gave	gift
vampyr	vampire
manifest	manifesto
skive	disk
teknokrat	technocrat
kridt	chalk
leddyr	arthropod
staer	starling
rubidium	rubidium
oppasser	orderly
afslutte	close
mezzanin	mezzanine
smal	narrow
embedsmand	official
levi	levi
udvist	expatriate
kidnappe	abduct
hvirvle	swirl
tadsjikistan	tajikistan
zeus	zeus
tesaurus	thesaurus
blode	bleed
belmopan	belmopan
knirken	creak
budapest	budapest
meritokrati	meritocracy
muffin	muffin
udbryde	cry
tannin	tannin
element	element
fordom	prejudice
republikansk	republican
spilleplads	field
marsmand	martian
esperantist	esperantist
zurich	zurich
kogger	quiver
balance	balance
dumaen	duma
signalflag	flag
kynisme	cynicism
marmelade	jam
kaertegne	caress
solbad	sunbath
trojansk	trojan
bundgraense	threshold
skalar	scalar
gotisk	gothic
arthur	arthur
vidunderlig	wonderful
udvandrer	expatriate
hojsind	magnanimity
aegge	egg
therese	teresa
afvikling	repulsion
omfartsvej	bypass
helga	helga
indgifte	endogamy
aretag	stroke
ganesha	ganesha
sucre	sucre
ekspeditrice	clerk
respektabel	respectable
ressource	resource
kapillaer	capillary
dan	dan
gulne	yellow
infantil	immature
pyton	python
dativ	dative
afholdende	abstemious
hymne	hymn
svejts	switzerland
reel	reel
sluge	down
vandmelon	watermelon
toronto	toronto
realistisk	realistic
ekfrase	ekphrasis
pinse	pentecost
skyldnerbrev	iou
kodeks	code
petersbrev	peter
brusebad	shower
varsomhed	caution
kopist	copycat
dysenteri	dysentery
yacht	yacht
kaeledyr	pet
alpaka	alpaca
bukkehorn	fenugreek
muskat	nutmeg
baby	baby
paskud	pretext
tapper	bold
disputats	thesis
gidsel	hostage
daniel	daniel
walisisk	welsh
lavland	lowland
edvard	edward
armbrost	crossbow
dagbog	diary
milepael	milestone
retorisk	rhetorical
vandalisere	vandalise
traelkone	slave
rumskib	spaceship
tesis	thesis
fratraeden	resignation
curium	curium
drovtyggende	ruminant
attache	attache
debut	debut
konvektion	convection
sonnedatter	granddaughter
intervention	intervention
teistisk	theistic
chok	shock
patriotisk	patriotic
svovl	sulfur
graevling	badger
nostalgi	nostalgia
sindsro	peace
diskette	floppy
lugt	smell
americium	americium
abbedisse	abbess
forfinelse	polish
kunstner	artist
indsamler	collector
kompilere	compile
magnesium	magnesium
hurtighed	speed
hvidlig	whitish
haelde	pour
ung	young
narva	narva
sprod	crispy
spir	spire
uforsigtig	careless
draene	drain
espoo	espoo
stejl	steep
voksen	adult
spanien	spain
versus	against
nyre	kidney
pauline	pauline
korinth	corinth
irrational	irrational
fordomt	accursed
torke	drought
tyndis	nilas
arie	aria
dronefly	drone
monoton	monotonous
printer	printer
pentagon	pentagon
javansk	javanese
albany	albany
homonym	homonym
henrettelse	execution
tirana	tirana
amorf	amorphous
kantalup	cantaloupe
paletkniv	spatula
stud	steer
relativ	relative
laurbaer	laurel
jomfruen	virgo
kampesten	boulder
narthex	narthex
kaek	sassy
flystyrt	crash
borstehar	bristle
abkhaser	abkhaz
udglatte	smooth
aflysning	cancel
falaffel	falafel
skelne	discriminate
provinsiel	parochial
frembrud	nightfall
rasere	raze
foryngelse	rejuvenation
reading	reading
skaerf	sash
traesnit	woodcut
netvaerk	network
nerve	nerve
galilaea	galilee
almanak	almanac
monarki	monarchy
quidditch	quidditch
daddel	date
loss	loess
botanisk	botanical
vabenfaelle	comrade
straks	overnight
laeselig	legible
trikolore	tricolour
perron	platform
problem	problem
akavet	awkward
elefant	elephant
kynofobi	cynophobia
gadolinium	gadolinium
projsen	prussia
forandre	change
skulder	shoulder
reproducere	breed
gallium	gallium
dollar	dollar
afskygning	hue
abort	abortion
aspekt	dimension
tallinn	tallinn
watt	watt
flux	flux
radiofoni	radio
akrobatik	acrobatics
rucola	arugula
angre	regret
messing	brass
ordliste	glossary
fjernvarme	teleheating
pikke	peck
bovl	hassle
proscenium	proscenium
beskaering	cutting
elevatorstol	car
vendepunkt	crisis
skum	foam
bahrain	bahrain
zambia	zambia
tvetydighed	ambiguity
imod	against
stenbider	lumpsucker
rabarber	rhubarb
marathi	marathi
ikon	icon
guadalcanal	guadalcanal
absint	absinthe
hygrometer	hygrometer
hofte	hip
baseball	baseball
hovedpulsare	aorta
flere	multiple
troske	candidiasis
aeble	apple
matros	sailor
naesebor	nostril
ossetien	ossetia
kurver	curve
fodevare	foodstuff
knae	knee
subjekt	subject
allehande	allspice
franc	franc
storskarv	cormorant
alfanumerisk	alphanumeric
atlantis	atlantis
homofon	homophonic
ashoka	ashoka
jokel	glacier
californium	californium
kasakhstan	kazakhstan
dublin	dublin
trosse	hawser
monje	minium
forsynet	providence
pike	pike
nicaragua	nicaragua
konkurrent	contestant
sparta	sparta
veto	veto
longyearbyen	longyearbyen
harnet	hairnet
alderdom	age
religion	religion
fjernkarelen	karelia
laegter	lighter
dobel	chub
materiel	material
regn	rain
katakombe	catacomb
babysitte	babysit
traener	coach
gabestok	pillory
hil	hail
alkan	alkane
kansas	kansas
melpomene	melpomene
fermentering	fermentation
pind	stick
ringagte	humble
godtgore	evidence
genert	shyness
hardware	hardware
sortere	sort
joakim	joachim
sahara	sahara
smoking	tuxedo
atten	eighteen
aristotelisk	aristotelian
flyvning	flight
drejebaenk	lathe
ferdinand	ferdinand
praktikplads	internship
traestamme	trunk
filantrop	philanthropist
kantsten	kerb
bump	thud
hvornar	when
hypernym	hypernym
los	lynx
agterstaevn	stern
tusind	thousand
katarsis	catharsis
ordning	order
sengelinned	bedlinen
indadvendt	introverted
varmebed	hotbed
ares	ares
ildelugtende	smelly
ajax	ajax
spjaet	jump
veganer	vegan
baskisk	basque
stefanus	stephen
forsikre	confirm
serotonin	serotonin
horoskop	horoscope
vantaa	vantaa
udmatning	fatigue
interessent	stake
thallium	thallium
tjur	capercaillie
meje	mow
perker	wog
nat	night
biobraendsel	biofuel
zeeland	zeeland
lensed	fealty
hunkon	feminine
vegetarisme	vegetarianism
vietnamesisk	vietnamese
bikube	beehive
husbad	houseboat
imperium	empire
frost	frost
tvekamp	duel
libreville	libreville
hanekylling	cockerel
forsode	sweeten
missouri	missouri
ejefald	genitive
multebaer	cloudberry
ordsprog	proverb
parisisk	parisian
lyskilde	light
krematorie	crematorium
flannel	flannel
uvaerdig	unworthy
forsaenke	set
maling	paint
apostrofe	apostrophe
skamben	pubis
nuttet	cute
videoband	videocassette
biokemi	biochemistry
desperado	desperado
ruin	ruin
hab	hope
trykkende	sultry
kolonialisme	colonialism
tandpasta	toothpaste
landsknaegt	lansquenet
vinballong	demijohn
udstanse	stamp
peberrod	horseradish
ron	rowan
palle	pallet
missionaer	missionary
flabet	uppity
proveballon	feeler
arne	arne
vaskebjorn	raccoon
pantsaette	pawn
andetsteds	elsewhere
rovfuglerede	eyrie
aeggeskal	eggshell
aedelgran	fir
malakit	malachite
ravgul	amber
violinist	violinist
katalogisere	catalogue
overklistre	plaster
luftror	trachea
hollaender	dutch
sprojte	syringe
kvartal	quarter
tidsplan	timetable
uforanderlig	invariable
nippe	sip
gymnasium	gymnasium
dirre	quiver
legion	legion
akkadisk	akkadian
arkadien	arcadia
detailhandel	retail
syderoerne	hebrides
alban	alban
kabe	robe
flagermus	bat
skiloberske	skier
hypotenuse	hypotenuse
trist	sad
vendekabe	turncoat
matthaeus	matthew
edmund	edmund
notebog	notebook
cembalo	harpsichord
benarbejde	legwork
autoimmun	autoimmune
kvaede	quince
levn	hangover
manke	mane
lande	land
planet	planet
udestaende	outstanding
jaevndogn	equinox
yppig	voluptuous
aggregat	set
overfore	transfer
stil	essay
drejeskive	dial
lobe	run
praedikant	preacher
pennsylvania	pennsylvania
norn	norn
ogonek	ogonek
hardfor	hardy
tange	spit
kroatien	croatia
ungfugl	chick
udsagnsord	verb
luseaeg	nit
naevne	name
karachi	karachi
malm	ore
attributiv	attributive
poulsen	paulson
lucia	lucy
velkomst	welcome
sejr	victory
kontaminere	contaminate
georgisk	georgian
asjkahabad	ashgabat
warszawa	warsaw
elskvaerdig	amiable
erika	erica
sukkersyge	diabetes
kandidat	candidate
overlevere	deliver
astmatiker	asthmatic
nysgerrighed	curiosity
fordel	advantage
portraet	portrait
kasino	casino
pelikan	pelican
glossar	glossary
pedal	pedal
ventrikel	ventricle
knippel	baton
london	london
smapenge	change
jordbo	earthling
facettere	facet
harare	harare
kovs	thimble
ogle	lizard
billion	billion
tilbyde	offer
irtysj	irtysh
loyalitet	loyalty
orwellsk	orwellian
forbavselse	astonishment
artiskok	artichoke
befolkning	population
metropolit	metropolitan
bryllupsdag	anniversary
algoritmisk	algorithmic
maeslinger	measles
kongelig	royal
uraemi	uremia
bladbede	chard
rhinen	rhine
saekfuld	sack
herkomst	provenance
belob	amount
stobeske	ladle
lobby	lobby
fejhed	cowardice
udarbejde	devise
forsigtighed	caution
hviderusser	belarusian
ddr	gdr
opossum	opossum
schlesien	silesia
puste	blow
bortlede	drain
borgerlig	bourgeois
hizbollah	hezbollah
fantasi	fiction
eksplicit	explicit
tilskynde	move
immanuel	immanuel
axel	axel
freja	freya
motorsav	chainsaw
marshmallow	marshmallow
halvvokal	semivowel
kendsgerning	fact
fupmager	charlatan
brombaer	blackberry
ordforrad	vocabulary
bagest	hinder
utilsigtet	inadvertent
aftenvagt	babysitter
dumpling	dumpling
oklahoma	oklahoma
halvkugle	hemisphere
ydermere	furthermore
nervesvag	nervous
teutonisk	teutonic
idiolekt	idiolect
konformitet	conformity
strikke	knit
finere	veneer
supermagt	superpower
northumbrien	northumbria
nedsaettelse	cut
formode	assume
spydig	poignant
alfred	alfred
vidde	expanse
eksempel	example
knob	knot
blogge	blog
gerhard	gerard
homo	homo
ordblindhed	dyslexia
spiddende	poignant
forhammer	sledgehammer
fok	foresail
chimpanse	chimpanzee
seychellerne	seychelles
ildflue	firefly
melanisme	melanism
overenskomst	transaction
spid	spit
morna	morna
juni	june
tabelig	foolish
opsigelse	determination
kompression	compression
keton	ketone
desinficere	disinfect
sober	sober
ambassade	embassy
rastlos	restless
kongruens	agreement
ankara	ankara
navnesoster	namesake
kakofoni	cacophony
guvernor	governor
problematisk	problematic
tykt	thick
effekt	effect
lomme	pocket
stigbojle	stirrup
ekliptika	ecliptic
braekket	broken
filosof	philosopher
regeringstid	reign
ottetal	eight
valnod	walnut
profet	prophet
porre	leek
papegning	remark
fosfor	phosphorus
piruet	pirouette
lilla	purple
arhundred	century
refraen	refrain
gipse	plaster
jessica	jessica
moderkage	placenta
botaniker	botanist
lithium	lithium
ortopaedisk	orthopedic
dab	baptism
sssr	ussr
spraenge	explode
tympanon	tympanum
hajj	hajj
indonesien	indonesia
hartorrer	hairdryer
vedvarende	perpetual
slumkvarter	slum
oprorsk	licentious
amfibium	amphibian
svensknogle	wrench
markere	record
saccharose	sucrose
ngt	sth
fysiognomi	physiognomy
psittacosis	psittacosis
vektor	vector
studerende	student
hinduistisk	hindu
projsisk	prussian
trettende	thirteenth
arepresse	tourniquet
faegte	fence
sadist	sadist
kirov	kirov
taxa	taxi
ansvarlig	responsible
moskva	moscow
helhed	whole
aeggestok	ovary
underart	subspecies
hankekors	ankh
budding	pudding
stikmyg	mosquito
omdele	deliver
orchestra	orchestra
mentalitet	mentality
nivellere	level
sociolekt	sociolect
puddelhund	poodle
pagaj	paddle
signifikant	significant
adresse	address
flerspiller	multiplayer
udlede	derive
psykosocial	psychosocial
terning	die
satirisk	satirical
pupil	pupil
aere	honor
handmikser	mixer
hjernet	brained
catalonier	catalan
kam	comb
kompagnon	partner
racemos	racemose
tyvstjaele	rob
nurse	nurse
manga	manga
narkolepsi	narcolepsy
belyse	light
antwerpen	antwerp
gurkemeje	turmeric
hyldest	homage
maine	maine
kalfatre	caulk
bidragyder	contributor
informant	informant
springvand	fountain
naese	nose
munkering	doughnut
overlagt	deliberate
aruba	aruba
rovdyr	carnivore
sted	place
maesk	mash
aeldre	elder
uran	uranium
pallas	athena
rollike	yarrow
farseret	stuffed
thatcherisme	thatcherism
medley	medley
aerkebiskop	archbishop
angara	angara
indtraeffe	happen
vandretur	walk
braendevin	aquavit
seraf	seraph
forlig	settlement
puppe	pupa
sweater	sweater
alvidende	omniscient
skotland	scotland
opvasker	dishwasher
forbier	miss
mangle	miss
annoncere	advertise
knage	hook
posefuld	sack
nobelium	nobelium
duellere	duel
staevnemode	date
clara	clara
marchere	march
indimellem	sometimes
mezuzah	mezuzah
helsinki	helsinki
illinois	illinois
torden	thunder
bolsjevik	bolshevik
tombak	tombak
jagthund	hunter
titan	titanium
ektoplasma	ectoplasm
tbilisi	tbilisi
vinter	winter
enhjorning	unicorn
kamplysten	combative
naeringsrig	nutrient
udslettelse	extinction
hjaelper	aid
horeunge	widow
almenvelle	commons
abnes	open
lavvandet	shallow
dagdrom	daydream
haj	shark
tommermaend	hangover
kaettersk	heretical
grundstof	element
sammendrage	abridge
mascara	mascara
stro	spread
begynder	neophyte
omkorsel	roundabout
mudderstrom	mudslide
laenestol	armchair
plyndre	sack
abessinsk	abyssinian
mur	wall
orering	earring
rente	interest
snorre	lace
polynesien	polynesia
tibetaner	tibetan
razzia	raid
jadegron	jade
konjugation	conjugation
eksklusion	exclusion
taler	speaker
krematorium	crematorium
velaer	velar
kardiogram	cardiogram
makrookonomi	macroeconomics
belejring	siege
akronym	acronym
yankee	yankee
ebbe	ebb
medfolelse	compassion
sofia	sofia
krepere	die
postnummer	postcode
blond	fair
stade	stand
digtning	poetry
lydlos	soundless
bardisk	bar
atlet	athlete
hydrat	hydrate
dvaergfalk	merlin
tegl	tile
haehae	haha
procent	percent
ultimatum	ultimatum
leksikografi	lexicography
periferi	periphery
lodtraekning	draw
skolastik	scholasticism
vintergaek	snowdrop
telt	tent
blatand	bluetooth
postmoderne	postmodern
rislen	murmur
korridor	corridor
tillykke	congratulations
forsigtigt	gingerly
chikane	harassment
kodokse	cleaver
yemen	yemen
gondwanaland	gondwana
podgorica	podgorica
partisoldat	partisan
strontium	strontium
forelobigt	temporarily
afskyeligt	abominably
krave	collar
retroaktiv	retroactive
kasjubisk	kashubian
fingerpeg	clue
voltmeter	voltmeter
bekraefte	confirm
yoghurt	yogurt
olga	olga
numse	backside
guirlande	festoon
schweizisk	swiss
udenjordisk	extraterrestrial
ojeaeble	eyeball
gaydar	gaydar
burmeser	burmese
antilope	antelope
skraning	slope
tekstuel	textual
forelaese	lecture
preussisk	prussian
broccoli	broccoli
tragt	funnel
kobber	copper
kirtel	gland
sideror	rudder
organ	organ
stokastisk	stochastic
duatlon	duathlon
kassere	junk
onkel	uncle
palladium	palladium
nier	nine
forst	first
bidende	bitter
alvor	seriousness
lognagtighed	mendacity
athen	athens
poul	paul
aeggeblomme	yolk
nuppe	pinch
kaput	kaput
brunei	brunei
sabine	sabina
skyskraber	skyscraper
daemonologi	demonology
hertugdomme	duchy
judith	judith
spygat	scupper
grundlov	constitution
godsejer	lord
kopi	copy
alexandria	alexandria
uanstaendig	vulgar
klarinet	clarinet
protactinium	protactinium
uforstaelig	incomprehensible
brillere	shine
hammerhaj	hammerhead
inde	in
dyne	duvet
opgave	task
skafot	scaffold
snekanon	snowblower
majsstivelse	cornstarch
berommelse	fame
harborste	hairbrush
kaenguru	kangaroo
gongong	gong
zenia	xenia
modstand	resistance
samuel	samuel
russisk	russian
skonnert	schooner
koncertina	concertina
hunlig	female
befolke	populate
men	but
preussen	prussia
gamer	gamer
cirkel	circle
overtro	superstition
prop	cork
menstruation	menstruation
sibirien	siberia
atju	achoo
gestikulere	gesticulate
tainan	tainan
svenskerhar	mullet
skorpe	rusk
prag	prague
henkoge	can
kabaret	cabaret
kodex	code
ugentlig	weekly
korinter	corinthian
hydrere	hydrate
lappe	mend
interaktiv	interactive
otter	eight
stormfugl	petrel
dublet	doublet
mysli	muesli
sandbanke	sandbank
hov	hoof
gaerdesmutte	wren
smil	smile
praefiks	prefix
centimeter	centimetre
vaever	weaver
teresse	patio
biom	biome
anflyvning	approach
gorkij	gorky
korestol	wheelchair
togo	togo
mourits	maurice
lovlig	legal
navne	namesake
automatisere	automate
dompap	bullfinch
elvira	elvira
kalde	call
karre	block
evolution	evolution
faktori	factory
legeplads	playground
ramadan	ramadan
rimelighed	equity
feta	feta
ella	ella
bla	blue
welf	guelph
vov	woof
gulv	floor
sukker	sugar
nymfeparakit	cockatiel
bogota	bogota
skramme	cut
estandart	standard
pave	pope
taipei	taipei
isoleret	private
robad	rowboat
bejae	affirm
stum	mute
overvinde	defeat
faneband	streamer
sociologi	sociology
kys	kiss
lineal	ruler
afhor	interrogation
ilt	oxygen
rodharet	redheaded
missil	missile
jysk	jutlandic
intelligens	intelligence
kriterium	criterion
troja	troy
forbandelse	curse
dag	day
misantropisk	misanthropic
adelsmand	nobleman
visdom	wisdom
kragefugle	corvidae
relief	relief
sklerose	sclerosis
feature	feature
ham	slough
vibe	lapwing
esajas	isaiah
suggestiv	suggestive
elmer	elmer
nojagtighed	accuracy
naestsidst	penultimate
gevaerild	gunfire
drikoffer	libation
forenklet	simplified
smafisk	fishy
moldova	moldova
rade	advise
hundeslaede	dogsled
milanesisk	milanese
tun	tuna
flagning	flag
antibiotisk	antibiotic
vandcykel	pedalo
javanesisk	javanese
slurk	sip
savle	drool
reform	reform
judo	judo
muslingeskal	shell
distal	distal
heroisk	heroic
kaedesav	chainsaw
staevning	subpoena
musik	music
venetiansk	venetian
roxana	roxana
imens	as
prisme	prism
kolyma	kolyma
korkprop	cork
perkussion	percussion
kykladerne	cyclades
smigrer	adulator
spore	spur
jesper	caspar
klaseagtig	racemose
grusomhed	atrocity
trotskistisk	trotskyite
anja	anya
harpun	harpoon
sonja	sonya
folfod	coltsfoot
aflyd	ablaut
forsikring	insurance
kongerige	kingdom
emmer	emmer
leopard	leopard
kampagne	campaign
felttog	campaign
benin	benin
soreme	indeed
general	general
helikopter	helicopter
kramme	hug
collie	collie
sesam	sesame
efeserbrevet	ephesians
kikke	look
gudmor	godmother
victor	victor
lun	warm
guatemalaner	guatemalan
minestryger	minesweeper
lolita	lolita
venligst	kindly
resistans	resistance
trojaner	trojan
massiv	solid
martine	martina
asiatisk	asian
modvind	headwind
vingelos	wingless
rune	rune
konsben	pubis
opfindelse	invention
taendt	lit
googolplex	googolplex
drabant	satellite
vaelgerinde	voter
boddel	executioner
medmindre	unless
hende	her
rygsojle	spine
bojle	hanger
vaegelsindet	fickle
indvende	object
seks	six
aalborg	aalborg
browse	browse
saed	seed
khmer	khmer
argentina	argentina
landstyrke	army
bombe	bomb
karaoke	karaoke
angiveligt	reportedly
tartu	tartu
knust	broken
frekvens	frequency
vaeg	wall
ansjos	anchovy
indbrud	burglary
betjene	work
insolvent	insolvent
vandal	vandal
forstaerker	amplifier
taekker	thatcher
laerer	teacher
niks	nix
roveriforsog	robbery
solskin	sunshine
massor	masseur
aedelse	food
baghold	ambush
teknik	technique
buks	pants
tredoble	treble
feste	celebrate
arstid	season
karate	karate
eufori	euphoria
snoreband	shoelace
sadisme	sadism
halal	halal
bygning	building
okkupation	occupation
hjord	herd
grammofon	gramophone
morfem	morpheme
flaske	bottle
give	give
abdikation	abdication
tyrolsk	tyrolese
stenkul	carbon
gullah	gullah
produktion	production
adverbium	adverb
grumset	dirty
comorerne	comoros
teheran	tehran
ghana	ghana
hjortekod	venison
biord	adverb
sakristi	sacristy
lazarus	lazarus
fedtbjerg	fatso
cirkulaer	circular
lazio	lazio
radon	radon
afkom	progeny
sunni	sunni
entalpi	enthalpy
muhu	muhu
askebaeger	ashtray
romansk	romance
gibraltar	gibraltar
hojtidelig	solemn
svaermeri	pasha
fattig	poor
frustration	frustration
osman	ottoman
nuance	tone
zion	zion
bagvaske	libel
ambrosia	ambrosia
pixel	pixel
spaniol	spaniard
destruktiv	destructive
robot	robot
mikado	mikado
sura	sura
diameter	diameter
hvede	wheat
bertha	bertha
turkmenistan	turkmenistan
hjertelos	heartless
haengekoje	hammock
polyamory	polyamory
datid	preterite
fritaget	exempt
overlappe	conflict
fobe	phoebe
losrive	secede
einsteinsk	einsteinian
blitzkrig	blitzkrieg
leverance	supply
bjaelke	beam
proces	process
krampagtig	spastic
gratulere	congratulate
flyvende	flying
princip	principle
kal	cabbage
mallorca	majorca
elben	elbe
rhinland	rhineland
boble	bubble
kanan	canaan
namibia	namibia
gerning	deed
shaman	shaman
delmaengde	subset
trekantet	triangular
kasserer	treasurer
eliksir	elixir
rynke	wrinkle
papaja	papaya
syre	acid
minedrift	mining
kaleb	caleb
frugtaeder	frugivore
weekend	weekend
gudelig	godlike
stal	steel
bidsel	bridle
velvilje	kindness
opmaerkning	markup
edderfugl	eider
gdpr	gdpr
pungrotte	opossum
flodhest	hippopotamus
gnieragtig	miserly
oprettelse	establishment
indtaste	enter
forbund	alliance
omtale	mention
orm	worm
barnevogn	pram
skatte	value
bosniere	bosnian
styrte	topple
traekfugl	migrant
swaziland	swaziland
bern	bern
ufejlbarlig	infallible
nytte	advantage
fejring	celebration
mudder	mud
laekat	ermine
stiksav	jigsaw
klotho	clotho
hypotese	hypothesis
agurk	cucumber
koben	crowbar
cheerleader	cheerleader
persien	persia
blodigle	leech
dodelig	mortal
hase	hamstring
grammatiker	grammarian
lenshyldning	homage
fribytter	filibuster
kompostere	compost
scrolle	scroll
estlaender	estonian
navngivende	eponymous
elektronik	electronics
assyrien	assyria
brygger	brewer
betryggende	adequately
maerkvaerdig	curious
malaysia	malaysia
zucchini	courgette
muflon	mouflon
foraeldre	parents
svigt	failure
rivalisering	rivalry
fodpleje	pedicure
idet	as
bolgelaengde	wavelength
nexus	nexus
kvadrering	quadrature
kuldsejle	capsize
nubisk	nubian
wiki	wiki
aubergine	eggplant
merian	marjoram
harmonisere	tone
brokdel	fraction
hustru	wife
udskifter	substitute
bloemfontein	bloemfontein
bidrage	contribute
kompot	compote
kulturel	cultural
autopsi	autopsy
konfiskere	confiscate
hydrofil	hydrophilic
isenkram	hardware
gnist	spark
pis	bullshit
anime	anime
hindbaer	raspberry
abelone	apollonia
flygte	flee
frigg	frigg
macao	macau
kremering	cremation
aha	aah
brom	bromine
anarkisme	anarchism
innovation	innovation
datterlig	filial
kapre	hijack
recessiv	recessive
prostata	prostate
kautionere	guarantee
beholder	tank
burgund	burgundy
uddybe	elucidate
manticore	manticore
belgier	belgian
kairo	cairo
lovstridig	unlawful
eurocentrisk	eurocentric
botanisere	botanize
demografi	demography
nordost	northeast
traditionelt	traditionally
tinding	temple
limburgsk	limburgish
slentre	shuffle
zombie	zombie
viske	erase
hagesmaek	bib
hviske	whisper
spontanitet	spontaneity
erebos	erebus
patriakalsk	patriarchal
kalliope	calliope
mammut	mammoth
kapers	caper
salmerne	psalms
mayonnaise	mayonnaise
registrering	registration
husleje	rent
kran	crane
anklager	prosecutor
asher	asher
voks	wax
indbildsk	uppity
figen	fig
opholdssted	sojourn
fortaere	eat
traettende	tedious
stikling	cutting
brasilianer	brazilian
troposfaere	troposphere
akt	act
tackling	tackle
vaskeklud	washcloth
umiak	umiak
flyver	plane
koble	hook
bekostning	condition
spraengning	blast
pilot	pilot
opfindsom	innovative
testosteron	testosterone
epiros	epirus
tempel	temple
visuel	visual
kanton	canton
madvare	foodstuff
krystal	crystal
drejekors	turnstile
bokeh	bokeh
farvet	colored
atlas	atlas
geomanti	geomancy
skiskydning	biathlon
nogensteds	somewhere
genus	genus
mars	mars
texas	texas
lovmaessigt	legally
pletfri	immaculate
obsidian	obsidian
service	hospitality
bogbus	bookmobile
apostrof	apostrophe
bukarest	bucharest
superego	superego
kroater	croatian
utopi	utopia
julian	julian
fritage	free
indgive	tender
spansk	spanish
samfund	society
solidaritet	solidarity
polsk	polish
asie	gherkin
blahals	bluethroat
faktotum	factotum
blodgores	soften
tommeltot	thumb
spinkel	fragile
slogan	slogan
november	november
stinksvamp	stinkhorn
forskonnende	euphemistic
haette	hood
elbrus	elbrus
missekat	pussy
akupunktur	acupuncture
appendiks	appendix
bauxit	bauxite
cirkus	circus
fuglehus	aviary
reduceret	choke
sanglaerke	skylark
fyld	filling
volden	rampart
inddampning	evaporation
ild	pyre
amalie	amelia
misundelse	envy
tilde	tilde
phoenix	phoenix
filologi	philology
merkur	mercury
omskiftelig	fluid
losesum	ransom
lysharet	blond
baltikum	baltic
pommern	pomerania
signalere	flag
trompetere	trumpet
enke	widow
parnu	parnu
raffinement	refinement
konsulent	consultant
ubevinget	wingless
silhuet	silhouette
grynte	grunt
dynen	dune
benaegter	denier
point	point
vallonsk	walloon
riffel	rifle
luffe	mitten
kikaert	chickpea
gespenst	ghost
managua	managua
viskelaeder	eraser
torsdag	thursday
telefon	telephone
konk	whelk
poppel	poplar
maegler	broker
sidst	last
ordsprogene	proverbs
sfinks	sphinx
broderi	embroidery
kvadratur	quadrature
kunstgodning	fertilizer
forskellig	different
osvald	oswald
milliard	billion
totem	totem
fasan	pheasant
variete	burlesque
alternativ	alternative
niamey	niamey
salzburg	salzburg
geodaesi	geodesy
motorbad	motorboat
ekspedient	clerk
sandsynlig	likely
afpresse	blackmail
ploje	plough
pori	pori
trampolin	trampoline
hojgravid	pregnant
optojer	row
udbytter	user
graver	gravedigger
fremmane	evoke
amazonfloden	amazon
svaber	squeegee
vejning	weighing
helarlig	perennial
stundom	sometimes
tidsrum	window
hvide	albumen
firsproget	quadrilingual
taemme	tame
bregne	fern
beryl	beryl
trokae	trochee
flimre	flicker
aedelmod	magnanimity
paeon	peony
england	england
bohmer	bohemian
drovtygge	ruminate
renlighed	cleanliness
lockout	lockout
taelling	count
udslukke	extinguish
tudsefisk	anglerfish
ton	ton
afvejning	balance
vindrue	grape
nyheder	news
gigantisk	gigantic
grafen	graphene
naes	ness
gronskolling	freshman
tchad	chad
kampfaelle	comrade
energi	energy
certifikat	certificate
dynd	quagmire
noah	noah
bonusmor	stepmother
vaeddemal	bet
tjeka	cheka
bent	benedict
forforende	alluring
hankat	tom
aeh	huh
bundlos	bottomless
jamaica	jamaica
fysisk	physical
hvisle	whistle
pladespiller	gramophone
hvorpa	whereupon
sanskrit	sanskrit
sakramente	sacrament
spaerretid	curfew
skumgummi	foam
sandstrand	sand
dulme	alleviate
ellipse	ellipse
tiltro	trust
sytten	seventeen
luxembourg	luxembourg
bringe	bring
japan	japan
gople	jellyfish
tuvalu	tuvalu
ulig	different
album	book
sportsnord	jock
portugisisk	portuguese
aftagning	cut
fremtvinge	force
heltemod	heroism
castiliansk	castilian
graviditet	pregnancy
krise	crisis
litauisk	lithuanian
forstaende	understanding
kefir	kefir
kampfly	fighter
kurisk	curonian
agnes	agnes
sardisk	sardinian
kaffe	coffee
rwanda	rwanda
buddha	buddha
fransk	french
theodor	theodore
delgraf	subgraph
sommerflue	butterfly
thessalien	thessaly
idiosynkrasi	idiosyncrasy
loftsrum	attic
ovenpa	above
norsk	norwegian
trin	step
afpudse	dress
kirkestol	pew
ged	goat
sostjerne	starfish
rekord	record
darligt	badly
brainstorm	brainstorming
attribut	attribute
opstroms	upstream
skolebarn	schoolchild
fortynde	thin
skilderhus	box
kaster	thrower
acceleration	acceleration
benzin	gasoline
dovenskab	sloth
anmode	request
harmonika	accordion
maoist	maoist
kategorisere	categorize
judas	judas
ngn	sb
bydel	neighborhood
speedbad	speedboat
sascha	sasha
svend	journeyman
magnat	magnate
perikles	pericles
kabul	kabul
perforere	perforate
hirse	millet
thanatos	thanatos
elisa	elisha
sacramento	sacramento
purpur	purple
femininum	feminine
ravn	raven
beskylde	denounce
utvivlsomt	doubtless
forrest	first
knarr	knorr
forordning	regulation
besvare	reply
reval	tallinn
indre	intrinsic
bindestreg	hyphen
beslutsom	decisive
mendelevium	mendelevium
ugyldig	dated
mas	hassle
grammatisk	grammatical
montevideo	montevideo
timotheus	timothy
puma	cougar
anatomi	anatomy
superlativ	superlative
engros	wholesale
the	tea
bonderov	bumpkin
haemmelyd	fricative
saltomortale	somersault
potentat	potentate
arrangere	arrange
ind	in
hyppighed	frequency
lydsystem	phonology
kapitel	chapter
andre	other
iraker	iraqi
udkigsmand	lookout
egypten	egypt
divali	diwali
beskrive	describe
fastnogle	spanner
grontsag	vegetable
velar	velar
lyrik	poetry
restaurator	restaurateur
tyrkisk	turkish
implantat	implant
naeve	fist
tankelos	automatic
flytte	move
kjerne	churn
faenomen	phenomenon
dagsorden	agenda
aberdeen	aberdeen
aelling	duckling
aerkeengel	archangel
maj	may
gymnastik	gymnastics
kutteklaedt	cowled
storrelse	size
maputo	maputo
skandinavien	scandinavia
stoberi	foundry
tov	rope
evakuere	evacuate
motorcykel	motorcycle
skrue	screw
tjorn	hawthorn
spartaner	spartan
kaledonien	caledonia
nedadgaende	down
husstand	household
stalde	stable
didaktisk	didactic
morgenfrue	marigold
sildehaj	porbeagle
inspiration	inspiration
hjemve	homesickness
ubeskrevet	blank
lyseslukker	spoilsport
kriminalitet	crime
tressende	sixtieth
herlig	delicious
gruk	grook
spion	spy
osterso	baltic
abidjan	abidjan
akeleje	columbine
hestevogn	carriage
hael	heel
mandag	monday
forvirrelse	confusion
margrethe	margaret
dyd	virtue
golf	golf
laos	laos
lingvistik	linguistics
theta	theta
materie	pus
kopter	copt
paradis	paradise
skrane	slope
glosebog	glossary
ovenover	above
saftevand	nectar
uortodoks	unorthodox
enklitisk	enclitic
mongol	mongolian
tvelyd	diphthong
spam	spam
lutheraner	lutheran
antropomorf	anthropomorphic
spidsrod	gauntlet
afstand	distance
uhojtidelig	unpretentious
indoneser	indonesian
peberkage	gingersnap
kystlinje	coastline
regnbuehinde	iris
semester	semester
aede	gorge
blanket	form
vild	wild
anvise	instruct
anger	remorse
undertrykke	oppress
astrolog	astrologer
hundesnor	leash
stovsuge	vacuum
midlertidigt	temporarily
henseende	respect
palatallyd	palatal
imaginaer	imaginary
ozon	ozone
vanadium	vanadium
hydra	hydra
fjorten	fourteen
ytterbium	ytterbium
urinale	urinal
engelskmand	englishman
skeptisk	skeptical
hvidlog	garlic
kosmonaut	spaceman
tagine	tajine
ganske	quite
dominica	dominica
konsul	consul
bogholderi	accounting
pas	passport
grydeske	tablespoon
tidsand	zeitgeist
cypern	cyprus
stivelse	starch
bordel	brothel
camilla	camilla
positur	attitude
metonym	metonym
eftergore	feign
gedekid	kid
tavle	blackboard
helligdag	holiday
raetoromansk	romansch
intransitiv	intransitive
daemning	dam
milaneser	milanese
ambulance	ambulance
budskab	message
symfoni	symphony
middelvaerdi	average
paere	pear
caesar	caesar
regere	govern
tilegne	devote
mongolsk	mongolian
katolsk	catholic
ailurofobi	ailurophobia
lokkemad	lure
ortografisk	orthographic
civil	civil
skohorn	shoehorn
lgbt	lgbt
skuldertraek	shrug
fon	foehn
enklitikon	enclitic
stejle	prance
solvens	solvency
naebdyr	platypus
udrabsord	interjection
cowboybukser	jeans
ivan	ivan
fritaenker	freethinker
dakar	dakar
hasselmus	dormouse
ingefaer	ginger
chauffor	driver
gazelle	gazelle
syndrom	syndrome
gaestfri	hospitable
orneunge	eaglet
dynebetraek	duvet
lunge	lung
agerhone	partridge
kagle	clatter
kompliment	compliment
skud	shot
flue	fly
klagesangene	lamentations
christine	christina
alper	alps
arbitraert	arbitrarily
kaotisk	chaotic
royalist	royalist
medlemskab	membership
skjorte	shirt
qatarer	qatari
umiddelbar	immediate
opmuntre	encourage
syrien	syria
terts	third
jorgine	georgina
ejendomsret	property
polarlys	aurora
punktskrift	braille
cedrat	citron
fem	five
rekyl	recoil
maettet	saturated
sif	sif
dimsedut	whatchamacallit
kanariegul	canary
kraken	kraken
barberhovl	razor
mikal	michal
brune	brown
objekt	object
jordskred	landslide
smaplanet	asteroid
filippinerne	philippines
knipling	lace
smagfuld	delicious
kejserinde	empress
opsamle	accrue
serbien	serbia
karnten	carinthia
flag	flag
relativt	relatively
kelter	celt
medicin	medicine
azorerne	azores
botulisme	botulism
primtal	prime
rund	circular
pennespids	nib
skinhellig	sanctimonious
oligark	oligarch
syrer	syrian
germansk	germanic
studievaert	anchorman
ubrydelig	unbreakable
foroge	up
markus	mark
komposition	composition
gratin	gratin
ensartethed	uniformity
alligator	alligator
ballet	ballet
fysik	physics
punkttegn	bullet
afsoningstid	time
tampere	tampere
manerer	manners
pille	pill
erkendelse	cognition
vilkarligt	arbitrarily
meder	mede
nys	sneeze
tombola	raffle
eagle	eagle
emir	emir
kirkebaenk	pew
yndig	delicious
laser	laser
bang	bang
sudanesisk	sudanese
kuppel	dome
patricia	patricia
kollision	collision
praestinde	priestess
vaertinde	hostess
efterar	autumn
politur	polish
urmager	watchmaker
admiral	admiral
cabotage	cabotage
arbejdsgiver	employer
virtuel	virtual
realitet	reality
afkast	return
omsaetning	turnover
astma	asthma
birdie	birdie
relation	relation
blyfri	unleaded
termostat	thermostat
visum	visa
lektion	period
spraelle	flounder
instruere	instruct
ateistisk	atheistic
babysitting	babysitting
slutning	finish
oprindelig	original
uhyre	monster
vipstjert	wagtail
vandre	walk
skalerbarhed	scalability
mesterlig	champion
bokse	box
tidsfaeste	date
bravo	bravo
indflyvning	approach
valens	degree
sprog	language
proklitikon	proclitic
stjernetage	nebula
baekken	pelvis
pattegris	piglet
sogaende	seagoing
egetrae	oak
espresso	espresso
mexicansk	mexican
angrende	repentant
vexillologi	vexillology
dynamit	dynamite
djiboutier	djiboutian
sjaelefred	peace
bankbog	passbook
epileptisk	epileptic
femmer	five
kulde	cold
inden	before
lydbog	audiobook
finansiere	finance
nordvest	northwest
koordinat	coordinate
anholde	arrest
trotskisme	trotskyism
udloser	trigger
ekstrapolere	extrapolate
pigaeble	jimsonweed
hvinand	goldeneye
indkob	procurement
mads	matthew
argang	class
afgrode	crop
brudgom	bridegroom
diplomati	diplomacy
aktionaer	shareholder
smor	butter
inventar	furniture
asjkhabad	ashgabat
pagribe	arrest
alter	altar
negerdreng	pickaninny
redoxproces	redox
varslende	ominous
scepter	sceptre
magnet	magnet
bronzere	bronze
vietnam	vietnam
treven	sullen
laebestift	lipstick
blomstrende	colorful
udande	die
overbid	overbite
karelen	karelia
klovn	clown
solbaer	currant
slaeb	train
koloni	colony
bivuak	bivouac
carbon	carbon
myndighed	authority
vattaeppe	quilt
falafler	falafel
puds	plaster
kvindehader	misogynist
vinkelret	orthogonal
aera	era
aktivitet	activity
ydmygelse	humiliation
kvan	angelica
teater	theater
solsort	blackbird
antioxidant	antioxidant
blegfjaes	paleface
bold	ball
heuristik	heuristic
orienten	orient
kazan	kazan
argonaut	argonaut
fryser	freezer
canberra	canberra
tangens	tangent
staevne	sue
sangvinsk	sanguine
begge	both
filthat	felt
investere	invest
karbonhydrid	hydrocarbon
paraguay	paraguay
rumaener	romanian
steppe	steppe
feromon	pheromone
kodeord	password
laenge	long
afgorelse	decision
furie	harpy
apno	apnea
guldlaks	argentine
refundere	refund
naeseben	bridge
optaeller	counter
broche	brooch
vejbred	plantain
brighton	brighton
indhoste	garner
kimono	kimono
vaerdifuld	valuable
sarskorpe	scab
arsdag	anniversary
henstille	request
overhale	overtake
sorbisk	sorbian
skydeskive	target
tasjkent	tashkent
osmose	osmosis
ottekant	octagon
sommer	summer
smaglos	flavorless
bessefar	gramps
korsel	driving
egenvaerdi	eigenvalue
skotoj	footwear
cyste	cyst
togvogn	carriage
terapi	therapy
manchetknap	cufflink
skarpretter	executioner
opad	up
sotunge	sole
jomfru	virgo
albueskael	limpet
biafra	biafra
tese	thesis
kompetent	able
saeregenhed	idiosyncrasy
oslo	oslo
rubin	ruby
oriya	oriya
lillehjerne	cerebellum
kokos	coconut
ostkarelen	karelia
modes	meet
lavine	avalanche
ombytning	change
arbejdsmand	laborer
deoxyribose	deoxyribose
undskylder	apologist
virolog	virologist
skar	shard
negligere	neglect
bolster	bolster
limousin	limousin
adam	adam
laesion	lesion
akvarium	aquarium
dortaerskel	threshold
spakvinde	prophet
handtere	manage
popcorn	popcorn
servitrice	waitress
hundredaret	centenary
gryn	groat
lincoln	lincoln
europaeer	european
handlavet	craft
var	spring
portor	orderly
pronomen	pronoun
smedje	forge
danser	dancer
morbror	uncle
mundlam	speechless
religios	religious
letlandsk	latvian
konsbestemme	sex
ligge	lie
nabo	neighbour
vanrogt	abuse
undlade	fail
lian	liana
udsaettelse	procrastination
pebermynte	peppermint
cylindrisk	cylindrical
christian	christian
miltbrand	anthrax
belejre	besiege
forvraenge	distort
minearbejder	miner
klokke	bell
apokope	apocope
lovemund	snapdragon
gejser	geyser
galizisk	galician
katamaran	catamaran
penicillin	penicillin
fjols	nincompoop
hierarki	hierarchy
syge	sick
tribut	homage
horfarvet	flaxen
bedstefar	grandfather
professor	professor
forenede	united
blishone	coot
autentisk	authentic
klat	blot
travl	busy
per	peter
saerpraeg	idiosyncrasy
jammer	wail
harpy	harpy
mogunge	brat
euphonium	euphonium
saerlig	very
fakkel	torch
svobe	scourge
pengemand	money
maee	bleat
rivejern	grater
nederdel	skirt
dogme	dogma
uorganisk	inorganic
leucin	leucine
mogens	magnus
syfilitiker	syphilitic
termometer	thermometer
ekstra	extra
nepal	nepal
suk	sigh
peristaltik	peristalsis
krollet	curly
star	sedge
avisdreng	paperboy
ubad	submarine
iran	iran
oblast	oblast
metonymisk	metonymic
ritus	rite
udtomt	exhausted
snage	gossip
foniks	phoenix
isstormfugl	fulmar
overraske	surprise
eksponent	exponent
irritation	irritation
kaerlig	fond
skuespiller	player
teutonsk	teutonic
filippinsk	filipino
sonneson	grandson
fladvogn	flatcar
rustfarvet	rusty
bosaede	residency
nyx	nyx
emirat	emirate
opstilling	set
ekstrudere	extrude
tallos	countless
mitra	mitre
register	register
molle	mill
roligt	deliberately
sognepraest	vicar
saedcelle	spermatozoon
syfilitisk	syphilitic
hashish	hashish
forrade	betray
soulk	salt
fordampe	evaporate
bordfodbold	foosball
arterie	artery
navnlig	namely
nepotisme	nepotism
bankier	banker
flersproget	multilingual
stemning	voice
hyldetrae	elder
nital	nine
skaber	creator
evighed	eternity
narkose	anaesthesia
sekant	secant
affiks	affix
jod	iodine
lothringen	lorraine
posten	mail
filigran	filigree
kompres	compress
orkestral	orchestral
eksistens	existence
danse	dance
universitet	university
faegtning	fencing
medgive	concede
bluse	shirt
struds	ostrich
ludvig	louis
faengslet	prison
overgive	deliver
spadom	prophecy
slovhed	ennui
akkusativ	accusative
loire	loire
ceremoniel	ceremonial
germanien	germania
indokina	indochina
juli	july
hassium	hassium
aeselhingst	jack
cerebral	cerebral
geranium	geranium
malerkunst	painting
ledig	vacant
dyrkbar	arable
sprede	spread
prestige	prestige
fletning	braid
datja	dacha
korvet	corvette
bidragsyder	contributor
dadel	criticism
padle	paddle
vaerre	worse
overlevering	tradition
lydia	lydia
horekarl	adulterer
marokkaner	moroccan
aerlighed	honesty
udlobe	expire
klik	click
indium	indium
urskive	dial
kandisere	crystallize
isotropisk	isotropic
meitnerium	meitnerium
pirog	pierogi
adressat	addressee
lim	glue
tosedreng	pussy
betler	beggar
koncentrisk	concentric
raolie	oil
positiv	positive
javaneser	javanese
lastbil	truck
ulo	ulu
metoik	metic
maoisme	maoism
orlogsflag	jack
udskaere	cut
aegte	genuine
stojlos	soundless
absolutisme	absolutism
schweizer	swiss
lorraine	lorraine
substans	substance
lederartikel	editorial
vams	doublet
beijing	beijing
rave	reel
loslade	free
mikse	mix
forfolgelse	chase
marskalstav	baton
lilian	lilian
astat	astatine
dobbeltslag	turn
kaelk	sledge
abdicere	abdicate
senegal	senegal
diffus	diffuse
rauma	rauma
elisabeth	elizabeth
poula	paula
ofte	often
burundi	burundi
kontakt	contact
halvfems	ninety
ensbetydende	amount
spastisk	spastic
hinsides	beyond
skovhugger	lumberjack
opforelse	building
semifinale	semifinal
svede	sweat
underjeg	id
rettighed	right
atavistisk	atavistic
rouge	blush
georgien	georgia
fadervor	paternoster
diarki	diarchy
bekvem	comfortable
apologet	apologist
kortlivet	ephemeral
slubre	slurp
tilfaeldig	random
tante	aunt
ekstern	external
natlig	nightly
koter	cur
aggressiv	aggressive
lutheransk	lutheran
nervecelle	neuron
sushi	sushi
hospital	hospital
netmave	reticulum
moratorium	moratorium
torklaede	headscarf
martha	martha
vajd	woad
bouillon	bouillon
gummi	rubber
bortgang	departure
skansellos	ruthless
dybsindig	deep
antaget	alleged
nag	grudge
stikord	lemma
ortodoks	orthodox
astrakan	astrakhan
eksludere	exclude
karl	charles
ideologi	ideology
eller	or
fremtid	future
michigan	michigan
fyrtarn	lighthouse
stokiometri	stoichiometry
demografisk	demographic
udsogt	choice
onskeseddel	wishlist
kardon	cardoon
umaelende	mute
cutter	cutter
kvartfinale	quarterfinal
plutonium	plutonium
morsom	funny
interval	window
jeriko	jericho
samlesaet	set
kryb	bug
koncentrere	focus
tommelfinger	thumb
rumvaesen	alien
konsulat	consulate
snorke	snore
ridse	scratch
afledning	derivative
lydord	onomatopoeia
systemisk	systemic
vas	twaddle
balun	balun
dekryptere	decrypt
klarsynet	perspicacious
romerbrevet	romans
enkestand	widowhood
skillevej	fork
katolik	catholic
kvartil	quartile
brandmur	firewall
kiel	kiel
acceptabel	palatable
torresnor	clothesline
svomning	swimming
vadomrade	wetland
edinburgh	edinburgh
skilober	skier
femte	fifth
fimbulvinter	fimbulwinter
afskrivning	depreciation
penge	money
traesko	clog
hob	herd
koresyge	carsickness
sammenligne	compare
nehemias	nehemiah
brudepige	bridesmaid
neutrum	neuter
vaeve	weave
glasur	icing
taktstok	baton
stjalet	stolen
bonne	bean
fantom	phantom
undertiden	sometimes
savl	drool
ossetier	ossetian
fangenskab	imprisonment
tredjedel	third
semikolon	semicolon
telekinese	psychokinesis
xylografi	xylography
manual	manual
beriberi	beriberi
udkigspunkt	lookout
naeseblod	nosebleed
thailand	thailand
svalehale	swallowtail
sondere	sound
forbon	intercession
omlyd	umlaut
spark	kick
eksorbitant	exorbitant
allan	alan
synapse	synapse
mergel	marl
apache	apache
kad	frisk
forstene	petrify
urinal	urinal
abuja	abuja
hundegalskab	rabies
rogror	flue
ljubljana	ljubljana
praeteritum	preterite
hovedperson	protagonist
talmud	talmud
negativ	negative
indse	understand
dodekaeder	dodecahedron
faegter	fencer
tyskland	germany
frygte	fear
aerkefjende	archenemy
seer	viewer
haiku	haiku
shakespeare	shakespeare
godkendelse	approval
igennem	through
tank	tank
samarium	samarium
bulgarskt	bulgarian
istrien	istria
slovenien	slovenia
kaki	persimmon
aegtefaelle	spouse
