word	english
semana	week
hospitalizar	hospitalize
paraugas	umbrella
exhibicion	exhibition
lamigueiro	poplar
libeta	bottle
galaio	hill
apagable	extinguishable
telefonia	telephony
fotosintese	photosynthesis
ombro	shoulder
paraben	congratulations
aldrabilla	peg
arreceo	fear
claveciterio	clavicytherium
bendicido	blessed
pasarela	boardwalk
papal	papal
bioxenese	biogenesis
nortello	knuckle
ganster	gangster
fanfarron	braggart
preservativo	preservative
catolico	catholic
dobrar	fold
bardal	hedge
preocupado	concerned
acordar	awake
hiperbato	hyperbaton
menoridade	minority
medrosia	fear
eslaganar	scratch
farallon	reef
liorna	riot
anglicano	anglican
gambiano	gambian
medalla	medal
faquitros	pony
terramoto	earthquake
arrafen	hostage
vacina	vaccine
fumeiro	smokery
ferrinos	triangle
pregadura	fold
hawai	hawaii
hilario	hilary
zulu	zulu
aninarse	hide
gueivota	seagull
grafico	graph
afonso	alfonso
luis	louis
uve	vee
cereixa	cherry
indo	indus
calendula	calendula
fermentar	ferment
monorrail	monorail
soxorno	dwelling
erizar	bristle
moldavia	moldova
encobado	prudish
leticia	letitia
tipografia	typography
caderna	rib
caricatura	cartoon
andorrano	andorran
bagulla	tear
facha	torch
teorema	theorem
incision	incision
describir	describe
estratosfera	stratosphere
carolina	caroline
coqueto	flirtatious
correolo	mackerel
muineira	miller
manto	mantle
caporal	chief
implante	implant
volt	volt
asimetrico	asymmetrical
balorento	mouldy
mandrugueiro	idle
braganza	braganca
marino	marine
cantabria	cantabria
agardar	wait
padron	cairn
variacion	variation
abruneiro	blackthorn
eles	they
freba	flax
aries	aries
desterro	exile
brunei	brunei
cartao	horse
medieval	medieval
frecha	arrow
internet	internet
prefacio	foreword
windhoek	windhoek
xardineira	gardener
risparse	escape
calendraxo	calendar
humanidade	humanity
tripoli	tripoli
tacto	tact
tranco	rung
moneca	doll
riles	kidney
dialecto	dialect
ilegalizar	criminalize
regada	riverbank
covaracha	nape
moitedume	heap
inacabado	unfinished
entrouxo	peg
ghugli	ugli
xirona	girona
desigualdade	inequality
lobican	lynx
verdadeiro	true
fantastico	fantastic
vietnam	vietnam
sobreestimar	overestimate
medios	media
centigramo	centigram
vender	sell
similitude	similarity
xorxineria	sorcery
hidruro	hydride
visado	visa
prensa	press
sintaxe	syntax
kosovo	kosovo
celta	celt
ranar	scratch
filosofo	philosopher
coimbra	coimbra
hispano	spanish
carrabouxo	gall
imperial	imperial
ensenrada	bait
comunidade	community
islandia	iceland
etiopia	ethiopia
locuacidade	glibness
pradio	larch
temerario	foolhardy
amarelento	yellowish
exactamente	exactly
axouxere	rattle
chozo	hut
mitose	mitosis
percusion	percussion
lunar	mole
tose	cough
lacaio	minion
paporroibo	robin
zapear	zap
niquel	nickel
sarreira	bolt
quioto	kyoto
vigor	vigour
ruso	russian
timon	helm
aloumineiro	flatterer
literal	literal
volalla	butterfly
seul	seoul
balonman	handball
musarano	shrew
golpista	coupist
lastrar	encumber
psicoloxico	psychological
sobrado	attic
andazo	epidemic
moteira	biker
asiatica	asian
alienar	alienate
desastre	disaster
italia	italy
alpino	alpine
voleibolista	volleyballer
medo	fear
campionato	championship
busco	track
escaque	box
carton	cardboard
khoisa	khoisan
gps	gps
emprestar	loan
mobilizar	mobilise
bavares	bavarian
inapagable	inextinguishable
banca	bank
osixeno	oxygen
centuria	century
benxamin	benjamin
clangor	uproar
recortar	trim
elfo	elf
acadar	acquire
estronicio	racket
peneda	stone
cocon	ghost
choer	enclose
enfermo	ill
apendice	appendix
arqueiro	archer
peringaia	chick
establecer	establish
simpatizar	sympathize
minisaia	miniskirt
irrigar	irrigate
necrofilia	necrophilia
estocar	pledge
farume	reek
mouteira	cairn
millaras	roe
brandy	brandy
adevertir	warn
transmitir	transmit
farisaico	pharisaic
basilio	basil
xonas	jonah
arlote	snail
ana	ann
nominal	nominal
esparrago	asparagus
sociedade	society
mielencefalo	afterbrain
militarizar	militarize
xeometrico	geometric
estatua	statue
bombeiro	firefighter
bexato	buzzard
capturar	capture
membranoso	membranous
plataneiro	banana
bilbotarra	bilbaoan
fatiga	fatigue
esbirrar	sneeze
ciencioloxia	scientology
estafa	shenanigans
baleirar	empty
penetrar	penetrate
asadeiro	barbecue
cofre	safe
anecdota	anecdata
campamento	camp
telescopio	telescope
sutil	subtle
meitnerio	meitnerium
espiral	spiral
abazcaro	drone
bichorro	adder
enumerar	enumerate
etioloxia	aetiology
fronciga	branch
pirimidina	pyrimidine
marathi	marathi
acouchar	hide
esquina	corner
cadrada	breve
mundo	world
ballon	downpour
tinco	finch
ciclismo	cycling
pabulo	food
moira	brine
avadar	wade
utah	utah
gluon	gluon
desexo	desire
sistema	system
fraternal	fraternal
cantagra	quail
exposicion	exposition
filipe	philip
bufanda	scarf
denominador	denominator
distraccion	distraction
fascinar	fascinate
cebra	zebra
arder	burn
menino	toddler
dezanove	nineteen
comunicacion	communication
menor	minor
bordeaux	bordeaux
orgastico	orgasmic
pretensioso	pretentious
inanimado	inanimate
bongo	bongo
mioca	earthworm
arreutada	rapture
efectivo	cash
mitra	mitre
volta	change
prensil	prehensile
nutricional	nutritional
conciliar	conciliate
prepucio	foreskin
melisa	balm
xuiza	judge
linaxe	lineage
publicamente	publicly
hipotetico	hypothetical
violin	violin
migalla	crumb
xustaponer	juxtapose
lasana	lasagna
ferver	boil
doutor	doctor
hepatologo	hepatologist
misioneiro	missionary
foco	flashlight
rotula	kneecap
alterable	alterable
nacionalista	nationalist
dito	saying
menina	toddler
talento	talent
caracterizar	characterize
voandeiro	odd
xeocentrico	geocentric
tagalo	tagalog
eleccion	election
vibrar	vibrate
sema	week
trouleo	uproar
acaro	mite
cascuda	cockroach
muineiro	miller
corfu	corfu
trissecar	trisect
roza	swidden
bronquite	bronchitis
vocabulario	vocabulary
coruscar	shine
apetito	appetite
suborde	suborder
alerxeno	allergen
relinca	stamina
sismo	earthquake
xaqueca	migraine
desterrar	exile
amea	merlon
parlamento	parliament
variable	variable
psicanalizar	psychoanalyze
paporrubio	robin
lerchan	glib
transicion	transition
banana	banana
beisbol	baseball
entrementres	while
amolegar	dent
malaquita	malachite
delgado	lean
dentequeiro	tusk
copela	cupel
louxa	blackboard
chavista	chavista
esfarelar	crumble
testan	stubborn
pozo	well
fronza	brushwood
poderoso	powerful
arquivo	archive
gallofeiro	idle
rexime	regimen
padrino	godparent
nada	nothing
helice	propeller
vos	you
corromper	corrupt
doa	bead
calvicie	baldness
cabalino	equuleus
aburino	bye
espectacular	spectacular
quinina	quinine
birmano	burmese
heterocromia	heterochromia
foro	forum
ion	ion
icona	icon
insensible	callous
espeso	thick
cernar	mow
solar	solar
branca	blanche
falampo	snowflake
negociar	treat
xofre	sulfur
fonetica	phonetics
danzar	dance
infestar	infest
perello	gnome
merendeira	daffodil
formalidade	formality
tabasa	bolt
bandoneon	bandoneon
fermio	fermium
advento	advent
reusar	recycle
faro	lighthouse
ragu	ragout
relixioso	religious
granxeiro	farmer
inexplicable	inexplicable
leonor	eleanor
divindade	divinity
aterrecedor	frightening
eslamiado	dull
acabar	finish
aparello	device
estoniana	estonian
rilar	gnash
piaxa	brush
sequidade	dryness
galiza	galicia
quietude	quietude
coteno	knuckle
questar	beg
onocentauro	onocentaur
regalo	gift
checo	czech
xeralmente	generally
ardentia	heartburn
ral	bucket
separacion	separation
arrebol	blush
mao	hand
defrega	struggle
alimpar	escape
eviscerar	eviscerate
hotel	hotel
semea	bran
beber	drink
facedor	maker
inxustiza	injustice
manganeso	manganese
definido	defined
robogon	eye
estrela	star
chanto	flagstone
cordal	ridge
autorizar	authorize
britanicos	british
atinguir	attain
tigre	tiger
bastante	enough
acuruxarse	hide
adaptabel	adaptable
edipo	oedipus
ismael	ishmael
erg	erg
aliaxe	alloy
tbilisi	tbilisi
feroesa	faroese
xornal	newspaper
guiparse	escape
urdu	urdu
almorzar	breakfast
inaccesibel	inaccessible
profilactico	prophylactic
falir	fail
virxinia	virginia
rascallo	oak
cobertura	reception
barullar	yell
urdir	conspire
tecno	techno
metro	metre
microfisico	microphysical
recuncho	corner
sextante	sextant
algoritmo	algorithm
inmune	immune
tribal	tribal
cristianismo	christianity
catedral	cathedral
expresion	expression
reblo	rubble
carapucha	hood
bacteriano	bacterial
ladrar	bark
antollo	whim
inducion	induction
silencio	silence
triunfo	triumph
enfesto	steep
ritmico	rhythmic
super	super
adail	leader
latex	latex
venus	venus
artropodo	arthropod
guinada	frenzy
soberbio	haughty
goniometro	goniometer
cuincho	grunt
astato	astatine
hospital	hospital
tungus	tungusic
cobrega	adder
cavar	dig
lepton	lepton
mono	monkey
hertziano	hertzian
subxectivo	subjective
valencia	valencia
mansono	sanctimonious
usbequistan	uzbekistan
agradecer	thank
sementar	sow
lampanas	rogue
anaforese	anaphoresis
letal	deadly
organismo	organism
lumiento	food
sento	pebble
nouza	bryony
alpinismo	mountaineering
medianoite	midnight
damian	damian
lua	moon
aliar	ally
hispania	hispania
galban	snail
xoana	jane
camonino	calf
magnetosfera	magnetosphere
ampear	gasp
butanes	bhutanese
batimetro	bathometer
carrapato	tick
nabinau	linnet
gruta	cave
cartos	money
lustro	lustrum
estola	stole
esgastua	prison
artificial	artificial
umero	humerus
xuda	judah
austin	austin
axiomatico	axiomatic
misericordia	mercy
boa	good
inaplicable	inapplicable
afi	ipa
mudarse	change
wikipedia	wikipedia
arrediar	duck
luxurioso	luxurious
ceramico	ceramic
leme	rudder
braque	cog
recordar	awake
pezoira	adder
bruxelas	brussels
diatomea	diatom
lapis	pencil
omnibus	omnibus
bragada	spawn
fiar	spin
amor	love
xiollo	fennel
cera	wax
saciabel	satiable
aureola	aureola
preposicion	preposition
armino	ermine
uxia	eugenia
loucura	madness
compania	company
extravagante	extravagant
callo	curd
maio	may
embutir	cram
baldreo	tattered
mil	thousand
cristina	christina
procura	quest
acordeon	accordion
anunciar	announce
hesperidio	hesperidium
pucho	calf
amoricar	duck
avespeiro	vespiary
caldeira	cauldron
adopcion	adoption
ribosa	ribose
rapon	vixen
foxo	pit
malvado	baleful
cabaleria	horse
troita	trout
xamais	never
sucumbir	indulge
comunicable	communicable
turra	struggle
eurico	eric
tebras	darkness
rubio	ginger
topa	track
carpa	carp
opera	opera
mercores	wednesday
graffiti	graffiti
belanxin	cog
imposibel	impossible
alucar	lurk
limon	lemon
carambo	icicle
ultimamente	recently
caetano	cajetan
interactuar	interact
ascensor	lift
episcopal	episcopal
ofrir	bid
ermo	wasteland
agata	agate
androxino	androgynous
cocemento	cooking
xulia	julia
acustico	acoustic
fusil	rifle
guatemala	guatemala
xaque	check
humilde	humble
economico	economic
querer	want
volva	volva
dominar	dominate
alga	alga
torpe	clumsy
mastigar	chew
alerxia	allergy
enigmatico	enigmatic
evitable	evitable
bagoa	tear
laicizar	secularize
ralbar	leap
okara	okara
desmontable	detachable
converter	convert
cuadruple	fourfold
infalible	infallible
ilicito	illegal
dedalo	thimble
tremulo	tremulous
bruxaria	sorcery
confortabel	comfortable
grumo	lump
crescendo	crescendo
ooloxia	oology
cambalear	stagger
divorciarse	divorce
inverno	winter
figo	fig
esvarar	slip
adestrador	coach
peregrino	pilgrim
xenoma	genome
mover	move
trenguelear	quiver
transfobia	transphobia
abrotano	southernwood
camouco	reef
anoitarse	lurk
colonizador	colonist
iemen	yemen
embude	funnel
olaria	pottery
saia	skirt
palauana	palauan
sorprendido	surprised
elefantaria	elephantry
operador	operator
constantino	constantine
antepasado	ancestor
tristeza	sadness
mongol	mongolian
transliterar	transliterate
oasis	oasis
xurxo	george
austral	south
gulapo	gulp
vixiante	vigilant
bofordo	javelin
computador	computer
alcouce	brothel
cal	ravine
baga	berry
tauromaquia	tauromachy
tamen	also
vitamina	vitamin
belota	acorn
quimbambas	timbuktu
benvindo	welcome
mofatra	racket
agraz	verjuice
ferradora	farrier
zeus	zeus
parella	team
valor	value
otico	otic
cabedel	leader
asuncion	assumption
mica	mica
heptagonal	heptagonal
apiorravo	celeriac
sosia	lookalike
vigoroso	vigorous
ram	ram
marmalla	drizzle
boh	bah
xenar	bud
callon	scab
axobedarse	lurk
emitir	emit
cartucho	cartridge
polonio	polonium
tia	aunt
mentres	while
catalanismo	catalanism
kibbutz	kibbutz
gaita	bagpipes
amorrar	abound
baldura	reek
ansiedade	anxiety
calazas	tattered
vetillo	muzzle
indiferenza	indifference
repoboacion	repopulation
cronico	chronic
livonio	livonian
patentizar	evince
eritrea	eritrea
visiblemente	visibly
estrabiza	stable
atomico	atomic
pasaporte	passport
vital	vital
permanente	permanent
descochar	spoil
gravidade	gravity
tumba	tomb
idiota	halfwit
satanas	satan
ulano	uhlan
exceso	excess
namentres	while
antartida	antarctica
varna	varna
depenar	pluck
cateterismo	catheterization
bisilabo	disyllabic
lactometro	lactometer
turxescencia	turgidity
miligramo	milligram
frangulla	crumb
lirpa	flounder
bautismo	baptism
paixon	passion
dislexia	dyslexia
percurar	attend
portuguesa	portuguese
mesosfera	mesosphere
proa	prow
bismuto	bismuth
cinico	callous
idea	idea
calcificar	calcify
chocolate	chocolate
cicatris	scar
miradouro	belvedere
combatir	fight
conversar	speak
mantemento	maintenance
nixeria	nigeria
rumor	whisper
porque	for
calvinismo	calvinism
escultor	sculptor
sidon	sidon
paxaro	bird
lepa	gound
hematoloxia	haematology
mollado	wet
xusgo	anxiety
azueira	whisper
teitar	thatch
principiante	beginner
touca	mesentery
separarse	separate
xeologo	geologist
ditadura	dictatorship
alcalimetro	alkalimeter
coleccion	collection
andorra	andorra
crisma	chrism
birmana	burmese
bortoa	reef
lelia	refrain
espantonia	ghost
abraio	astonishment
superar	outdo
puxar	pull
badalada	bell
abortar	miscarry
pintora	painter
manipular	manipulate
acronimia	acronymization
restaurante	restaurant
radicalizar	radicalize
supor	assume
numero	number
austrino	south
acuario	aquarius
lagoa	lagoon
alaparse	lurk
samoano	samoan
ramon	raymond
vascalleiro	tattered
ovular	ovulate
atractivo	attractive
abellon	drone
maroxo	mistletoe
touporroutou	tattered
suficiente	sufficient
zafra	anvil
absida	apse
francesa	frenchwoman
rutenio	ruthenium
taburno	dais
inmunologo	immunologist
cirurxico	surgical
estabel	stable
murchar	wither
toro	slice
empirico	empirical
antipatia	antipathy
davos	davos
coco	gall
gaborone	gaborone
sumelgo	hypocrite
otomano	ottoman
dominio	dominion
escudo	shield
engurra	wrinkle
vietnamita	vietnamese
mula	mule
estoque	rapier
estafador	swindler
arabesco	arabesque
financeiro	financial
aforrar	save
profesora	professor
saida	exit
monacal	monastic
cuncha	pendentive
xacobino	jacobean
manometro	manometer
espadachin	sword
sardis	stone
veneciano	venetian
tarxa	loaf
hiponatremia	hyponatremia
nebulizador	nebulizer
seitura	harvest
grellar	grill
aparcamento	parking
retrato	portrait
miguel	michael
abraiante	astonishing
arunarse	scrape
mamila	nipple
dermatologo	dermatologist
comoda	chest
buenza	slope
feminidade	femininity
parecer	seem
recital	recital
pegada	track
incubacion	incubation
suponer	suppose
finde	weekend
suceso	event
porta	door
murriada	stuff
breton	breton
equipamento	equipment
parabrisas	windshield
exacular	ejaculate
pracer	pleasure
parano	shelf
anonoar	steep
morzoa	gizzard
dixestivo	digestive
richar	grill
treito	roof
horticultura	horticulture
incesante	incessant
gravada	recorded
batallar	battle
negativo	negative
painzo	millet
amallon	cairn
chopo	cuttlefish
gaia	gaia
abril	april
guiana	guyana
corna	horn
telescopico	telescopic
travesallo	rung
respirar	breathe
accesibel	accessible
determinar	determine
evidente	evident
minsk	minsk
experiencia	experience
crucificado	crucified
lavable	washable
eixo	axle
apaixonado	passionate
virtual	virtual
espita	spigot
pizza	pizza
agnostico	agnostic
armenio	armenian
organo	organ
simbolismo	symbolism
domesticado	domesticated
pluviometro	pluviometer
doador	donor
dobradura	fold
vendimario	vendemiaire
naturalmente	naturally
desfacer	undo
respiracion	breath
abeneiro	alder
encrucillada	crossroads
mancado	hurt
ganadora	winner
indelebel	indelible
fabio	fabian
ucha	box
igualmente	equally
pigmentar	pigment
crabuna	stone
celebracion	celebration
vida	life
formula	formula
paro	strike
ozca	gorge
fuina	marten
cascabullo	rubble
anaptixe	anaptyxis
alce	moose
lena	firewood
corxa	heap
incorrixible	incorrigible
trienio	triennium
cegamento	blinding
percepcion	perception
dogmatico	dogmatic
ergo	erg
automobil	automobile
acerbaixan	azerbaijan
engulipar	gorge
emperador	emperor
amarelo	yellow
ariete	aries
feudo	fiefdom
fideo	noodle
xeneroso	generous
varredoiro	broom
balon	ball
remolcar	tow
amoroso	loving
xeotermico	geothermal
aplicabel	applicable
nebrasca	nebraska
abrasivo	abrasive
cincogravado	zincograph
florentina	florentine
curtidoiro	tannery
monxa	nun
hausa	hausa
cerimonial	ceremonial
antera	anther
fabiano	fabian
bucle	lock
refuxiarse	refuge
agoitar	lurk
trobadora	troubadour
transistor	transistor
ioruba	yoruba
medallon	medallion
lampaza	burdock
desque	from
estroxeno	estrogen
xubilacion	retirement
megalitro	megalitre
curma	cousin
pata	foot
beixo	kiss
ergonomico	ergonomic
catala	catalan
vimieiro	osier
cambra	cramp
guido	guy
oitenta	eighty
intuir	intuit
vulgarismo	vulgarism
espectador	spectator
lagosta	lobster
criba	sieve
neolitico	neolithic
resplandecer	shine
voar	fly
chisqueiro	lighter
azagaia	javelin
burkinense	burkinese
resposta	answer
concavidade	concavity
sombra	shadow
electronica	electronics
paleolitico	paleolithic
perceptibel	perceptible
disuasorio	deterrent
zooxeografia	zoogeography
ganglio	ganglion
hercules	hercules
talin	tallinn
nassau	nassau
aerosol	aerosol
corazons	hearts
carotenoide	carotenoid
rodrigo	roderick
franduleiro	rogue
turistico	touristic
excelencia	excellence
erudicion	erudition
lea	struggle
armisticio	armistice
prover	provide
semente	seed
disartria	dysarthria
debilidade	weakness
xapones	japanese
taxon	taxon
espazoso	spacious
rodas	rhodes
forrar	line
usura	usury
cataluna	catalonia
tapa	lid
busto	stable
construtivo	constructive
clasificabel	classifiable
trescentos	300
pincaro	summit
hollywood	hollywood
gadolinio	gadolinium
vexilo	vane
heroicamente	heroically
pernostico	calendar
falarica	spear
sociolecto	sociolect
barolento	musty
cosco	snail
suas	their
tascar	scutch
loar	praise
psiquiatrico	psychiatric
burundi	burundi
gratitude	gratitude
nanismo	dwarfism
perdido	lost
cachar	hide
sai	ups
etapa	stage
grava	gravel
periodismo	journalism
palco	box
pesado	heavy
eslovenia	slovenia
escandinavia	scandinavia
oviedo	oviedo
xeopolitica	geopolitics
graza	grace
helicoptero	helicopter
america	americas
prolongar	prolong
xudaico	jewish
ninfa	nymph
disenteria	dysentery
arcipreste	archpriest
cornella	hull
ebano	ebony
remolque	trailer
ornamental	ornamental
desalinado	unkempt
vanguear	sway
caparuza	hood
certeza	certainty
rebotar	bounce
abrotea	asphodel
ohmico	ohmic
quiloxulio	kilojoule
gradicela	starfish
xeoloxia	geology
lengoretar	spoil
vitela	calf
repentino	sudden
iolanda	yolanda
quilocaloria	kilocalorie
politeismo	polytheism
ramen	ramen
deda	toe
noitina	evening
usurpacion	usurpation
michigan	michigan
humano	human
biomolecula	biomolecule
pirateria	piracy
estetico	aesthetic
domingo	sunday
pelicano	pelican
caramuxo	periwinkle
correola	bindweed
mercantil	mercantile
moroteira	strawberry
chifrar	whistle
guedello	tuft
condenado	doomed
xano	janus
marrar	fail
xeografia	geography
aromaterapia	aromatherapy
cos	waist
moutillon	heap
nevada	nevada
inzo	seed
filon	reef
bandallo	tattered
estrelamar	starfish
cotarelo	heap
belen	bethlehem
doca	creek
podometro	pedometer
falcatruada	trickery
subatomico	subatomic
honduras	honduras
atrevemento	chutzpah
baixo	low
troleiro	liar
foto	photograph
dramaturgo	playwright
gaivota	seagull
langonada	sweets
mormanar	drizzle
tropa	troop
distintivo	distinctive
radiometro	radiometer
figueira	fig
batumar	drizzle
anual	annual
balduino	baldwin
rododendro	rhododendron
tormenta	storm
separado	separate
degoro	anxiety
biologo	biologist
espadela	scutch
macho	cog
ala	allah
ximnasia	gymnastics
fionllo	fennel
trunfar	trump
irado	steep
glagolitza	glagolitic
enoloxia	oenology
fonetico	phonetic
esgarrar	expectorate
comunicado	communication
interpretar	render
higrometro	hygrometer
detalle	detail
mitomania	mythomania
randon	random
reineta	russet
melodioso	melodious
tasco	scutch
indice	index
multixanela	multiwindow
resolucion	resolution
pardal	sparrow
adversidade	adversity
recoteno	dwarf
comezo	beginning
negron	bruise
iate	yacht
nove	nine
excitacion	excitation
digamos	say
cabeiro	tusk
pib	gdp
xumiar	groan
estornela	tipcat
contradicir	gainsay
ionosfera	ionosphere
taforada	reek
rechamante	bizarre
faceta	facet
finlandia	finland
malaisia	malaysia
fregar	rub
brillantez	shine
anina	anita
receo	distrust
paxe	page
carga	cargo
capiceiro	tattered
varar	beach
aqui	here
tome	thomas
cefeo	cepheus
habito	habit
calendas	calends
folclore	folklore
extraible	removable
cobre	copper
rematada	done
nilo	nile
melon	melon
incoherencia	incoherence
lexislacion	legislation
teorizar	theorize
berlin	berlin
recandear	flower
ictioloxia	ichthyology
quenia	kenya
paracaidas	parachute
empurrar	push
fortalecer	strengthen
culleradina	teaspoon
anemometro	anemometer
primitivismo	primitiveness
condimentar	spice
acantazar	hail
sempre	always
organista	organist
biotita	biotite
intuitivo	intuitive
formalmente	formally
hormona	hormone
hectarea	hectare
protexer	protect
xifre	whistle
triplo	triple
crible	believable
argonauta	argonaut
acto	act
admitir	admit
alburgada	lie
supremo	supreme
manexar	manage
transparente	transparent
xibon	gibbon
rectificar	rectify
perifrase	periphrasis
cuasemente	odd
pedagoxico	pedagogical
charnela	hinge
gardar	guard
xarzo	clay
volapuk	volapuk
eivisa	ibiza
enxurrada	creek
punible	punishable
escepticismo	skepticism
alusion	allusion
hebrea	hebrew
xeodinamica	geodynamics
control	control
indixesto	indigestible
dolmen	dolmen
inocente	innocent
color	color
turista	tourist
puntualmente	punctually
cosme	cosmas
bailarin	dancer
dromedario	dromedary
impropio	unseemly
escampaviar	escape
microfisica	microphysics
mamicar	dent
insectivoro	insectivore
ictioloxico	ichthyological
techno	techno
util	useful
psicrometro	psychrometer
egoa	mare
automatico	automatic
abarbar	dawn
metacarpo	metacarpus
larego	piglet
reconecer	recognize
mississippi	mississippi
rixido	rigid
torgallo	tattered
vogal	vowel
poeta	poet
gallo	fork
salvacion	salvation
vehemente	vehement
acedo	sour
samario	samarium
lesma	slug
sindicato	syndicate
adorabel	lovely
visgo	mistletoe
vango	sway
lorena	lorraine
confluencia	confluence
submarino	submarine
tabular	tabular
corexar	gasp
nisco	left
vestimenta	clothes
vibracion	vibration
radon	radon
curman	cousin
uso	use
detras	behind
anguila	anguilla
inflexibel	inflexible
alcatron	tar
embigo	navel
apinamento	cram
tonalidade	hue
piroclastico	pyroclastic
brida	bridle
tozo	dwarf
devoto	devoted
huelva	huelva
panama	panama
diversidade	diversity
morango	strawberry
tailandesa	thai
vaira	reservoir
azucrar	sugar
sherezade	scheherazade
catolicidade	catholicity
zoo	zoo
indesexabel	undesirable
osa	spat
trigo	wheat
lagumeiro	marsh
mixomatose	myxomatosis
amigabel	amicable
ambliopia	amblyopia
funeral	funeral
travesa	rung
charrela	partridge
xavanes	javanese
thor	thor
cornico	cornish
xear	freeze
magma	magma
ela	she
laocoonte	laocoon
caixon	box
ayyavazhi	ayyavazhi
amante	lover
acetimetro	acetimeter
anemico	anemic
desiderio	desiderius
pintoresco	picturesque
caviar	caviar
foton	photon
flandres	flanders
cateter	catheter
daniel	daniel
silueta	silhouette
pegaso	pegasus
eco	echo
illarga	groin
policho	chick
facaneia	mare
cada	each
leoa	lioness
aplicable	applicable
cravo	nail
vrino	oak
homenaxe	homage
cerralleiro	locksmith
zigzag	zigzag
subclase	subclass
cranial	cranial
protagonista	protagonist
mortifero	deadly
brasil	brazil
espirrel	grill
cortello	stable
bioca	creek
oliveira	olive
insomnio	insomnia
biloxia	dilogy
estandar	standard
accidente	accident
nicolau	nicholas
macangon	hypocrite
latino	latin
california	california
reino	kingdom
dereita	right
ditador	dictator
monaco	monaco
inhalar	inhale
toucino	bacon
henoteismo	henotheism
fillo	son
latir	bark
anco	creek
usar	use
antirroubo	antitheft
chasma	chasma
antivirus	antivirus
revista	magazine
bornazar	drizzle
belxica	belgium
dzongkha	dzongkha
traballo	work
toda	every
zacinto	zakynthos
ascendencia	ancestry
celeste	heavenly
moino	sanctimonious
estremadura	extremadura
aixola	adze
terminoloxia	terminology
sen	without
incerteza	uncertainty
corazon	heart
trilema	trilemma
nifrar	sniff
antirradar	antiradar
vasilla	vessel
directo	direct
seixo	pebble
aromatico	aromatic
teupa	mole
crequenarse	hide
estofo	fabric
ensiforme	ensiform
bordiona	slag
sorabo	sorbian
folclorismo	folklorism
voleibol	volleyball
matreiro	cunning
brotar	shoot
ensino	teaching
lameira	moor
dinamitar	dynamite
exiliar	exile
tallinn	tallinn
tantalo	tantalum
compatibel	compatible
arvanitika	arvanitika
bareixa	maggot
medicinal	medicinal
azafran	saffron
xacinto	hyacinth
alfombra	carpet
television	television
infento	astonishment
golpella	vixen
galamandro	branch
sacrilego	sacrilegious
reactividade	reactivity
pelo	hair
chuvasqueiro	raincoat
aproximacion	approximation
pagode	pagoda
randa	rim
puntualidade	punctuality
espirito	spirit
fieito	fern
anfibio	amphibian
activo	active
aire	air
taleigan	rogue
mensaxeiro	messenger
quilogramo	kilogram
corolo	stone
resina	resin
parapente	paragliding
hireofania	hierophany
catafilo	cataphyll
fundir	smelt
heterodoxo	heterodox
ren	nothing
aiax	ajax
consistencia	consistency
seestra	left
tinxir	dye
consentir	indulge
metatese	metathesis
multitarefa	multitasking
petanca	petanque
transformar	transform
guerreiro	warrior
benvida	welcome
composto	composite
fidel	fidel
dulta	fear
franquia	franchise
tonina	porpoise
encefalo	encephalon
analizar	analyze
xaguar	jaguar
papagaio	parrot
patarroxa	nursehound
amareleza	yellowness
isoglosa	isogloss
reclinar	recline
itinerancia	roaming
novato	beginner
arsenico	arsenic
morsa	walrus
islandesa	icelander
inesquecibel	unforgettable
asomante	once
hungaro	hungarian
couto	fiefdom
croata	croatian
polar	polar
alquimista	alchemist
carisma	charisma
noventa	ninety
arrouto	rapture
pontificado	papacy
corveta	corvette
connecticut	connecticut
colo	neck
anfetamina	amphetamine
exaxerado	exaggerated
caitan	cajetan
votacion	voting
selar	seal
aguacate	avocado
viscoso	viscous
musulman	muslim
estrado	dais
esquecibel	forgettable
aman	amman
tubular	tubular
porro	leek
irritante	irritating
caseina	casein
nino	nest
edimburgo	edinburgh
tritongo	triphthong
barateiro	cheap
tribo	tribe
motel	motel
linguistico	linguistic
texas	texas
leproso	leper
arqueologo	archaeologist
lleida	lleida
decorativo	decorative
maryland	maryland
exonerar	exonerate
accion	action
marullo	seaweed
pescada	hake
armatol	armatole
atun	tuna
patricio	patrick
anglicismo	anglicism
aceleracion	acceleration
controlabel	controllable
collons	cojones
anarquismo	anarchism
mollo	sauce
tanatos	thanatos
cliche	cliche
esquio	squirrel
procedemento	procedure
laude	lute
engroba	gorge
dominante	dominant
lamentar	mourn
turquesa	turquoise
desocupado	idle
santilorio	hypocrite
consumibel	consumable
bromo	bromine
taximetro	taximeter
pubescente	pubescent
brasileiro	brazilian
invernadoiro	greenhouse
surbioto	whistle
capricornio	capricorn
providencia	providence
pexar	fetter
colmea	beehive
omnipresente	omnipresent
babosada	nonsense
fouce	sickle
xenofobia	xenophobia
consumible	consumable
xan	john
inestabel	unstable
lesion	injury
segregar	ooze
asimau	left
esquema	scheme
vertebral	vertebral
humildemente	humbly
aldraba	doorknocker
peramelido	bandicoot
estaxio	internship
trallada	scab
iurta	yurt
lexema	lexeme
perna	leg
perpinyan	perpignan
farmacia	pharmacy
transxenero	transgender
reguenga	ravine
dierese	diaeresis
observatorio	observatory
escrito	written
tresna	track
empallada	feed
decatar	realize
laretas	glib
garganta	throat
pescadora	fisher
orfa	orphan
androfobia	androphobia
indicar	indicate
lava	lava
curral	patio
chourizo	chorizo
peu	finch
terron	clod
bido	birch
lemur	lemur
xogar	play
cachorro	bracket
sensacion	feeling
despensa	pantry
guecho	tuft
multilingue	multilingual
vendimar	vintage
benines	beninese
xelo	ice
ecosistema	ecosystem
ogro	ogre
feminismo	feminism
vexetacion	vegetation
obxectivo	task
televisor	television
asimetria	asymmetry
cordilleira	range
intelecto	intellect
aleman	german
manda	handful
tundra	tundra
matogueira	brush
ganancia	gain
uxio	eugene
zarapallon	bizarre
desfrutar	enjoy
vertebrado	vertebrate
minusculas	small
admiracion	admiration
liscar	escape
alxeria	algeria
eternidade	eternity
torron	lump
regurxitar	regurgitate
vermello	red
zodiaco	zodiac
cesta	basket
esforzo	exertion
atena	athena
elo	link
vao	ford
agustin	augustine
oliva	olive
eliminacion	elimination
aloa	far
dobra	dobra
macrotenda	superstore
belice	belize
temperatura	temperature
atenas	athens
tuvales	tuvaluan
estirar	stretch
talegueiro	hypocrite
etnico	ethnic
cubismo	cubism
parruma	fog
ministro	minister
simultaneo	simultaneous
alberexar	dawn
afasia	aphasia
ananas	pineapple
pirotecnia	pyrotechnics
seaborxio	seaborgium
saramago	radish
aprouguer	spoil
viaxeiro	traveller
xeometria	geometry
congostra	track
permafrost	permafrost
arqueoloxico	archaeological
briga	struggle
cruzado	crusader
fabian	fabian
hematologo	haematologist
conchego	comfort
deslealmente	disloyally
utero	womb
trondia	maid
celandia	zeeland
irreprimibel	irrepressible
desvestir	undress
tear	loom
opresor	oppressor
inxustamente	unjustly
petreo	stony
oral	oral
lida	struggle
vitor	victor
descoidado	heedless
abondar	abound
antananarivo	antananarivo
lisgaira	chick
derrotar	defeat
belga	belgian
chantar	plant
escolleita	selection
anorexica	anorexic
alarve	heap
misil	missile
desmembrar	dismember
anorexia	anorexia
xunguir	yoke
debate	debate
achar	find
intacto	intact
campion	champion
salino	saline
barbacacho	wattle
benin	benin
casacion	cassation
liga	alloy
argazo	seaweed
cacao	cacao
litografia	lithography
iniciais	initial
galra	speech
diagrama	diagram
carniceria	butchershop
bouga	whisper
aeroporto	airport
pexorativo	pejorative
pancreas	pancreas
arabia	arabia
reprobar	lambaste
oitavo	eighth
helio	helium
guicho	cheeky
minuto	minute
colon	colon
trinidade	trinidad
magnetico	magnetic
calcio	calcium
beton	bud
luns	monday
frustracion	frustration
estinga	stingray
neuroloxico	neurological
houston	houston
marcelo	marcel
pulseira	bracelet
indulxente	fond
expropiar	expropriate
paroleiro	glib
xamaica	jamaica
arrautada	rapture
defecer	spoil
camposanto	graveyard
destruir	destroy
pudia	broom
zalopa	snowflake
sirena	siren
normando	norman
hectolitro	hectolitre
gue	gee
enganoso	deceptive
proxeccion	projection
considerabel	considerable
albitorno	figwort
zarapata	honeycomb
divino	divine
hebraico	hebrew
conversion	conversion
carlinga	cockpit
islamismo	islam
incalculabel	incalculable
comportar	act
vulnerar	wound
magadana	ghost
chinchon	finch
funda	sling
oncoloxia	oncology
carta	letter
diluvio	deluge
guipar	gaze
interior	interior
unicameral	unicameral
nefra	nostril
pulmon	lung
incansabel	tireless
gherolo	head
xesus	jesus
horta	orchard
asirioloxia	assyriology
xustiza	justice
xosefa	josephine
seus	their
alpinista	mountaineer
cuadrupede	quadruped
pluvioso	pluviose
corenta	forty
cantiga	song
doutrina	doctrine
delatixo	fray
apolo	apollo
equipar	tool
umbilical	umbilical
desacreditar	debunk
californio	californium
concesion	franchise
balalaica	balalaika
bento	benedict
xeito	manner
accionista	shareholder
fonoloxico	phonological
minnesota	minnesota
empezar	begin
podrecer	rot
vesicula	vesicle
filipino	filipino
viltroteira	vixen
ruidoso	loud
elegancia	elegance
razoable	reasonable
alpes	alps
teogonia	theogony
labaza	burdock
elefante	elephant
entrega	deliverance
esceptico	skeptic
cacto	cactus
lesme	slug
vainilla	vanilla
bilbaino	bilbaoan
cobado	elbow
riqueza	riches
acabado	done
conclusion	conclusion
senda	path
perseveranza	perseverance
pedigree	pedigree
forraxe	fodder
incontable	countless
banarse	bathe
disponible	available
convexo	convex
sacho	mattock
unicelular	unicellular
xornalista	journalist
esbagullar	tear
trucar	bang
tallada	chop
introducion	introduction
modificar	modify
carruaxe	carriage
vosoutros	you
boxeadora	boxer
nonio	nonius
telefono	telephone
pota	pot
corre	strap
ampicilina	ampicillin
gremio	guild
segorbe	segorbe
alboio	shed
atomismo	atomism
apertar	squeeze
engaxar	pledge
produto	product
atlantico	atlantic
striptease	striptease
mormo	slime
emilio	emil
xorxe	george
abanicar	fan
teca	teak
picea	spruce
aburar	bother
bravun	vixen
quizas	maybe
trobador	troubadour
bombardear	bomb
auditar	audit
licantropia	lycanthropy
taxidermia	taxidermy
sesta	nap
larinxe	larynx
demoucar	mow
demudar	change
directora	directress
paella	paella
monolingue	monolingual
sepulcro	tomb
quilolitro	kilolitre
clavicula	clavicle
matematicas	mathematics
cispar	escape
capoeira	cage
bielorrusa	belarusian
pintor	painter
dereito	right
danes	danish
choucho	dazed
beleigan	rogue
admirable	admirable
fenix	phoenix
xenerico	generic
nobelio	nobelium
reno	reindeer
conxetura	conjecture
basear	base
xeroglifico	hieroglyph
cando	when
gregorio	gregory
loxa	lodge
prismaticos	binoculars
restricion	constraint
traballador	hardworking
zume	juice
ideoloxia	ideology
ero	gorge
colaxeno	collagen
holandes	dutch
encaixoar	box
transgresion	transgression
embaixadora	ambassador
bufalo	buffalo
pingon	tattered
lgtb	lgbt
desenrolo	development
garfo	fork
desconecida	unknown
alvariza	apiary
ernesto	ernest
escopeta	shotgun
donicela	weasel
decorar	decorate
toldo	sunshade
fel	bile
boston	boston
cladodio	cladode
decagramo	decagram
aroma	aroma
ruido	noise
lixivia	lye
oito	eight
neuroloxia	neurology
iotizacion	iotation
traxico	tragic
caritarse	scrape
caramanchel	tower
desembarcar	disembark
cauteloso	wary
vasalo	vassal
floreal	floreal
igrexa	church
amencer	dawn
farmacoloxia	pharmacology
asedio	siege
exhumar	exhume
ateigar	overfill
heteroxeneo	heterogeneous
compaixon	pity
afortunado	happy
padre	father
trepar	tread
bahames	bahamian
cambodjano	cambodian
rabiar	ache
telepatia	telepathy
rato	mouse
anotacion	annotation
aste	spear
referencia	reference
drastico	drastic
triste	sad
lapela	lapel
claro	clear
pravoa	word
egocentrico	egocentric
paspallas	quail
dixitalizar	digitalize
anocer	astonish
caldo	broth
malfeito	crime
rosmon	cantankerous
cansarse	tire
negativa	no
ofensivo	offensive
miradoiro	belvedere
seitan	seitan
galeguista	galicianist
desbotar	discard
apegadizo	sticky
deportar	transport
heptagono	heptagon
goldre	quiver
calcificarse	calcify
qat	khat
prognostico	forecast
alcalde	mayor
repostaria	confectionery
minoca	earthworm
lucas	luke
bartolomeu	bartholomew
planta	plant
ictiose	ichthyosis
afrikaans	afrikaans
consular	consular
pavimento	pavement
catequese	catechesis
calculadora	calculator
transcricion	transcription
tounada	obstinacy
planimetro	planimeter
inherente	inherent
nasalizacion	nasalization
croinar	crave
talladeira	machete
cinderela	cinderella
poxar	auction
atavismo	atavism
zondra	sling
prehistorico	prehistoric
pirometro	pyrometer
bahrain	bahrain
pedagoga	pedagogue
foupa	branch
casaquistan	kazakhstan
farinxeo	pharyngeal
dezasete	seventeen
apiario	apiary
chacha	chacha
febre	fever
encallar	beach
urologo	urologist
xoan	john
nai	mother
polvora	gunpowder
grenlandia	greenland
segundo	second
miope	myopic
baronesa	baroness
aviacion	aviation
furna	cave
lambedela	lick
dono	owner
blasfemia	blasphemy
triunfante	triumphant
quincenal	fortnightly
abstracto	abstract
inactivo	inactive
erupcion	eruption
chicoria	chicory
triciclo	tricycle
club	club
roibo	ginger
mendicante	beggar
escrofuloso	scrofulous
custar	cost
naif	naive
anarquista	anarchist
buxo	boxwood
bramido	troat
decada	decade
perrera	forelock
desafiar	challenge
ares	ares
pirata	pirate
helena	helen
alfabetizar	alphabetize
gaiola	cage
barcelones	barcelonian
bruido	bellow
correr	run
motocicleta	motorcycle
atributo	attribute
mecanizacion	mechanization
estropallos	loofah
peitear	comb
pallaso	clown
apto	apt
muada	fray
grafema	grapheme
hoxe	today
lucia	lucy
raposo	fox
garrote	garrot
traxicomedia	tragicomedy
pesimismo	pessimism
loto	lotus
orquidea	orchid
valagota	pothole
asteroide	asteroid
traxedia	tragedy
retar	challenge
tifo	typhus
pastran	tattered
novelista	novelist
alaio	groan
atouzar	bark
romper	break
wolof	wolof
zunida	whisper
falible	fallible
cidron	lemon
xeo	ice
eridano	eridanus
reflexo	reflection
puna	struggle
sulfito	sulfite
enchente	flood
requirir	need
agricola	agricultural
esposa	wife
xeodesia	geodesy
morte	death
espirrar	sneeze
inapagabel	inextinguishable
premer	click
mastullada	feed
andosco	rogue
raxo	loin
neta	granddaughter
asturias	asturias
vulneracion	wounding
sono	dream
nebulosa	nebula
picas	spades
triangular	triangular
especia	spice
cachopa	chick
delito	crime
desdentado	toothless
cesto	basket
mario	mario
arquilaude	archlute
unico	alone
benceno	benzene
yoctolitro	yoctolitre
deuterio	deuteron
plinio	pliny
grinon	horse
ilegalmente	illegally
cartografico	cartographic
toquio	tokyo
suicidio	suicide
abdon	abdon
azulino	bluish
bebe	baby
apelar	appeal
arpoar	harpoon
goberno	government
salame	salami
horizonte	horizon
otomana	ottoman
usualmente	usually
catolicismo	catholicism
tristemente	sadly
outros	others
linguateiro	glib
baltre	pothole
formal	formal
tunisia	tunisia
bordeos	bordeaux
apice	apex
transfusion	transfusion
baltasar	balthazar
larva	larva
senrada	bait
rexeitar	reject
hikikomori	hikikomori
triscele	triskele
diaria	daily
misa	mass
homotecia	homothety
gramatical	grammatical
reliquia	relic
faringotomia	pharyngotomy
xeranio	geranium
nudez	nudity
estarricar	stretch
pianista	pianist
veterinario	veterinarian
azari	azerbaijani
arabe	arabic
bracar	yell
touceira	brush
pelota	ball
territorio	territory
bozo	muzzle
xosue	joshua
amperio	ampere
biblos	byblos
adonis	adonis
coche	car
acorde	chord
arim	fyrom
vexiloloxia	vexillology
vanadio	vanadium
imaxinacion	imagination
marrago	shark
remoallo	cud
hasta	horn
carbono	carbon
cova	cave
carroia	stone
dezaseis	sixteen
sinxelo	simple
prateado	silver
homerico	homeric
xeografico	geographic
banista	bather
auriga	charioteer
clarinete	clarinet
arcea	moorhen
sushi	sushi
coordinar	coordinate
vasoira	broom
chipre	cyprus
clemente	clement
cascudo	cockroach
incle	anvil
taurino	taurine
toureiro	toreador
ludro	mire
secar	dry
rifar	scold
tambor	drum
confinamento	confinement
oboe	oboe
ermitan	hermit
chinesa	chinese
asexualmente	asexually
socobar	hide
mazdeismo	zoroastrianism
fraxilidade	fragility
duna	dune
establemente	stably
aneto	dill
resto	rest
caxirolo	snail
haggis	haggis
magarza	camomile
traumatismo	trauma
cometa	comet
equino	horse
nomenclatura	nomenclature
palacio	palace
zapato	shoe
descarga	download
xilberte	gilbert
ununennio	ununennium
sucesion	succession
curruncho	corner
guarnecer	garnish
xunco	reed
invasion	invasion
tecla	key
axilmente	agilely
anemia	anemia
cueiro	diaper
bailar	dance
centeo	rye
escamudo	turbot
factibel	feasible
matematico	mathematician
fruxe	brood
ancinar	rake
tingido	dyed
necesidade	necessity
ventoso	ventose
quinto	fifth
carlismo	carlism
moer	grind
xelatina	gelatin
leonardo	leonard
encalco	reservoir
sumidoiro	sewer
nomograma	nomogram
cantil	cliff
meiloada	sweets
garra	claw
boca	mouth
fertil	fertile
suxeito	subject
risina	giggle
tigresa	tiger
melga	fog
estragarse	spoil
siguir	trail
cuincar	groan
resistibel	resistible
allo	garlic
cerco	siege
trasponer	transpose
africano	african
unica	alone
alacant	alicante
calzada	carriageway
repousar	rest
ollo	eye
amoado	dough
barco	boat
madrileno	madrilenian
caron	bran
mobiliario	furniture
rabino	rabbi
termo	term
recruta	recruit
freguesia	parish
alumear	enlighten
posibilidade	possibility
papado	papacy
industria	industry
ocultacion	occultation
ante	moose
tenente	lieutenant
hiperligazon	link
porca	sow
lira	lyra
antifascista	antifascist
biblia	bible
sesenta	sixty
arelar	crave
postre	dessert
diuretico	diuretic
louisiana	louisiana
discordia	discord
estrar	litter
potencial	potential
tamboira	chimney
cinco	five
metaforico	metaphorical
imaxe	image
agora	now
independente	freestanding
parroquia	parish
nocebo	nocebo
esponxa	sponge
rubidio	rubidium
uretra	urethra
racismo	racism
amerindio	indian
cristiandade	christendom
exilio	exile
acuifero	aquifer
inmobilidade	immobility
coloracion	coloration
particula	particle
rastro	track
coto	peak
listo	ripe
paraguaio	paraguayan
paspallar	quail
lonxitude	longitude
depresion	depression
falacia	fallacy
amodo	slowly
cousela	box
abordar	tackle
toallo	slag
arqueologa	archaeologist
olalla	eulalie
acelerar	accelerate
alanina	alanine
motorizado	motorized
paladio	palladium
hedra	ivy
decametro	decametre
gandir	eat
almoeda	auction
causticidade	causticity
aluminio	aluminium
meso	stool
fortificado	fortified
enseada	creek
comprar	buy
quen	who
caligrafico	calligraphic
teofania	theophany
baviera	bavaria
terrorista	terrorist
escritor	writer
alverxon	carob
innovador	innovator
telefonar	telephone
recepcion	reception
suroeste	southwest
nervio	nerve
marcos	mark
autoridade	authority
mardena	loam
maragota	wrasse
idear	devise
alterado	altered
uroloxia	urology
caseira	homemade
edelmiro	elmer
ganote	gorge
martes	tuesday
metafora	metaphor
mentalidade	wit
crebaxeos	icebreaker
herexe	heretical
combatente	ruff
neon	neon
porcentaxe	percentage
pez	pitch
eucalipto	eucalyptus
publico	public
lumieira	lintel
mililitro	millilitre
tabuela	puffin
volframio	tungsten
lixeiramente	slightly
arquitecto	architect
toracico	thoracic
xuvenco	calf
alemana	germany
fidxi	fiji
masar	steep
psiquiatra	psychiatrist
brandir	brandish
permitir	indulge
lonxano	far
kansas	kansas
arbre	tree
orfo	orphan
raspunar	scratch
exipcia	egyptian
uvula	uvula
xuros	interest
ferido	hurt
nacionalismo	nationalism
abousamento	thunder
limeta	bottle
argoma	gorse
belorta	eye
horrible	horrible
bravo	brave
piaxe	track
informal	informal
antoloxia	anthology
mobil	mobile
rascar	scratch
araba	alava
impuro	impure
eclipse	eclipse
cornelio	cornelius
americano	american
fax	fax
salvadoreno	salvadoran
iterbio	ytterbium
chalra	thrush
botella	bottle
asneira	nonsense
grua	crane
cantor	singer
relativo	relative
alsacia	alsace
bici	bike
micoloxico	mycological
engra	anvil
galvanometro	galvanometer
plurilingue	multilingual
deixe	deixis
extinguibel	extinguishable
inaudibel	inaudible
eufemistico	euphemistic
bombear	bomb
outon	gable
gradualmente	gradually
sincero	sincere
coello	rabbit
manter	keep
pexa	fetter
arcaico	archaic
galloufa	riot
xermolar	bud
remorsos	remorse
bigote	moustache
leiloio	auction
inesquecible	unforgettable
seca	drought
existente	existent
boletin	bulletin
respecto	respect
meditacion	meditation
pizzeria	pizzeria
peixes	fish
caraminola	tuft
corredor	runner
nivoso	nivose
illinois	illinois
cuarzo	quartz
saltagra	quail
larpar	slurp
multiple	multiple
falabarato	glib
despoboado	uninhabited
cuneta	roadside
estetica	aesthetic
chaqueta	jacket
barrouca	summit
marzo	march
opinion	opinion
watt	watt
proton	proton
tenda	shop
potable	potable
incribel	incredible
placenta	placenta
epopea	epic
seimeira	waterfall
bucina	horn
ido	ido
figurativo	figurative
tranqueira	bolt
pouco	little
grifon	griffin
supervivente	survivor
analxesico	analgesic
aracnido	arachnid
incomestibel	inedible
urano	uranus
gornicion	garnish
forxa	forge
magnetizar	magnetize
ensamblar	assemble
carpintaria	carpentry
xerusalen	jerusalem
habilmente	skillfully
galilea	galilee
deliberar	deliberate
albondega	meatball
canguro	kangaroo
cespede	grass
mouzar	drizzle
epigrafia	epigraphy
monumental	monumental
manle	flail
enxiva	gum
xertrude	gertrude
loran	idle
perdoe	sorry
palpebra	eyelid
poseidon	poseidon
venabre	javelin
machete	machete
panza	belly
condrite	chondritis
moella	gizzard
quebrar	break
hipoteca	mortgage
morfoloxico	morphological
fracturar	fracture
guatemalteco	guatemalan
oceanografia	oceanography
cute	complexion
afumado	smoked
urbano	urban
abridor	corkscrew
mongolia	mongolia
pina	pineapple
claroscuro	chiaroscuro
emoliente	demulcent
seixebra	saxifrage
vinganza	revenge
cicel	chisel
moi	very
reducido	choke
sinxebra	ginger
xaneiro	january
cavernicola	caveman
taina	mullet
bodeixo	kid
cheque	cheque
cristalino	crystalline
fiana	stone
guadalajara	guadalajara
hipocrisia	hypocrisy
intervalo	interval
bacoro	piglet
vantaxoso	advantageous
satanismo	satanism
metronomo	metronome
queixada	jaw
lapa	limpet
mancuniano	mancunian
altivez	swagger
panocha	loaf
tartamudez	stutter
vedramio	woodland
sedoso	silky
surcir	lie
ornitorrinco	platypus
angulo	angle
obxecto	object
blasfemar	blaspheme
expropiacion	expropriation
tunido	tuna
admisibel	admissible
venezuela	venezuela
grallo	rook
hidrostatica	hydrostatics
nitroxeno	nitrogen
learada	fray
conde	count
recusar	refuse
orballo	drizzle
desexoso	desirous
caustico	caustic
tocador	player
boxeador	boxer
peltre	pewter
lourenzo	laurence
ovario	ovary
bocado	bit
rimar	rhyme
oufego	anxiety
piperete	sweets
multiorgasmo	multiorgasm
universo	universe
enfatico	emphatic
sentimentos	feeling
euglena	euglena
denominacion	denomination
soneto	sonnet
regularmente	regularly
deter	detain
futuro	future
santafollo	omasum
cobalto	cobalt
reinado	reign
meada	skein
merleta	martlet
metodoloxia	methodology
hiporraque	afterfeather
bilingue	bilingual
hafnio	hafnium
untar	smear
eurodeputado	mep
tranquilo	tranquil
retirarse	withdraw
bregola	mare
escaravello	beetle
acachouparse	duck
galdrapa	shabrack
hematoma	bruise
chibo	kid
inicio	beginning
elisio	elysian
incorporeo	incorporeal
toupeira	mole
acomodar	accommodate
solear	tow
cogomelo	mushroom
cuco	cuckoo
florecer	flower
diversion	craic
asistir	attend
pillaban	cunning
mecanografar	type
estrochar	dent
sacrificar	sacrifice
psicanalista	psychoanalyst
gadana	scythe
candela	candela
erro	error
espertar	awake
congoxa	anxiety
aguaneira	muskrat
escrupulo	scruple
rapidez	speed
total	total
infiel	unfaithful
engrobia	gorge
rafa	crumb
queima	burn
refrito	saute
feixoa	feijoa
leguminosa	leguminous
teaxe	woven
palma	palm
triceps	triceps
inxenuo	naive
psicanalise	psychoanalysis
beta	beta
frango	chick
vivenda	dwelling
ecuador	ecuador
xantar	lunch
esbagoar	tear
quinoleina	quinoline
onza	ounce
espanola	spaniard
potencia	potency
filtrar	filter
latin	latin
puerilidade	childishness
parte	part
subdivision	subdivision
haxiografo	hagiographer
algun	some
foneticista	phonetician
bazcullo	broom
cafetaria	cafe
bolerca	hull
incharse	swell
monotremo	monotreme
lepra	leprosy
anatema	anathema
billarda	tipcat
paria	pariah
caudal	caudal
curcio	kid
luva	glove
cono	cone
festexar	celebrate
racial	racial
plebe	plebs
oval	oval
vranear	summer
britar	lurk
descalzo	barefoot
groteiro	marsh
libia	libya
textil	textile
mandrion	snail
embaixada	embassy
chanceler	chancellor
salavedro	pebble
banceira	rung
soga	rope
bulsa	bag
propaganda	propaganda
bermudano	bermudian
secador	hairdryer
violonchelo	cello
dificilmente	difficultly
xava	java
seixeles	seychelles
otava	ottawa
tusir	cough
cilona	jail
marzoa	mare
pulgada	inch
saudar	greet
ensinar	teach
secamente	dryly
xurisdicion	jurisdiction
reciproco	reciprocal
lavabel	washable
informante	informer
gaio	jay
voltio	volt
xenoglosia	xenoglossy
zoca	clog
asentamento	settlement
vendible	saleable
viorto	branch
parrulo	duck
verba	word
lei	law
idaho	idaho
placa	slab
brecar	drizzle
metralla	shrapnel
camisa	shirt
estoxo	box
vingar	avenge
alborecer	dawn
termidor	thermidor
misterio	mystery
andola	butterfly
orella	pinna
radioactivo	radioactive
desmaiar	faint
adivino	soothsayer
xexun	fasting
carrasco	broom
rabia	rabies
arcabuz	harquebus
austria	austria
rabioso	rabid
altruismo	altruism
bolo	loaf
prohibido	forbidden
ledo	joyous
madrilena	madrilenian
fluvial	fluvial
astronave	spaceship
represa	reservoir
morfoloxia	morphology
papoula	poppy
viscera	viscus
precurar	attend
acetona	acetone
acre	acre
moxena	spark
desapiadado	ruthless
soidade	longing
provision	provision
einsteinio	einsteinium
fraco	weak
incendiario	incendiary
lambuxa	sweets
escancer	slowworm
artilleria	artillery
bruxedo	sorcery
camelo	camel
candorca	orca
bretoa	breton
anzol	lure
prebe	sauce
siluro	catfish
alteracion	alteration
fines	finnish
ecoloxico	ecological
violar	violate
barbeito	fallow
abella	bee
mexico	mexico
armario	wardrobe
grenlandesa	greenlander
aterecer	shiver
viuva	widow
alasar	gasp
mexerica	maudlin
estreito	narrow
manual	manual
concavo	concave
palleiro	haystack
incubadora	incubator
queimador	burner
sixon	duck
feltro	felt
indianapolis	indianapolis
baclava	baklava
connotar	connote
version	version
hilaria	hilary
madrasta	stepmother
rombico	orthorhombic
convulsion	convulsion
existencia	existence
esgotador	gruelling
maia	mayan
laceracion	laceration
relucir	shine
inaudible	inaudible
grega	greek
estraio	bizarre
occidental	western
ulcera	ulcer
iowa	iowa
xalundes	everywhere
tragar	swallow
pelviano	pelvic
rabeiro	track
judo	judo
gornecer	garnish
caxigo	oak
escocha	lie
cromosoma	chromosome
deprender	teach
polino	chick
carrabouxa	gall
thimphu	thimphu
labirinto	labyrinth
perfumaria	perfumery
duodeno	duodenum
radioisotopo	radioisotope
fusco	dark
botswana	botswana
sobrevivente	survivor
exidio	giles
hidrostatico	hydrostatic
amarre	tether
aruixar	groan
pintado	painting
suco	ditch
ouriolo	oriole
escofar	scratch
enfermizo	sickly
harpia	harpy
aliteracion	alliteration
hipodromo	racecourse
amarelle	daffodil
problema	problem
aurelia	aurelia
doazon	donation
chiva	snipe
cotas	hammer
luteranismo	lutheranism
prestar	loan
aparcadoiro	parking
quebradura	break
estricar	stretch
asolagar	flood
fluor	fluorine
biduido	birch
prado	meadow
vran	summer
punk	punk
raina	queen
sobexar	abound
peixino	fishy
granito	granite
godofredo	godfrey
marmeleiro	quince
navajo	navajo
clic	click
novos	youth
bonapartismo	bonapartism
esperto	awake
taberna	tavern
errar	miss
crarexar	dawn
septico	septic
obrar	operate
anarquico	anarchic
dieta	diet
polimata	polymath
convexidade	convexity
pirataria	piracy
reprodutivo	reproductive
disparar	shoot
regalicia	licorice
homero	homer
bostal	stable
neurologa	neurologist
sexo	gender
tornino	mackerel
dignidade	dignity
atmosfera	atmosphere
comaro	heap
monastico	monastic
trizo	piglet
ines	agnes
plural	plural
aceptar	accept
esloveno	slovene
napoles	naples
trebello	refrain
plantar	plant
lion	lyons
voo	flight
segar	mow
paramio	shelf
falibel	fallible
dividir	split
creacion	creation
arxentino	argentinian
entullada	avalanche
concepto	concept
ambiguo	ambiguous
amorodo	strawberry
indonesia	indonesia
supermodelo	supermodel
tipo	type
prominente	prominent
decembro	december
desloga	far
batimetria	bathymetry
dionisiaco	dionysian
suan	south
cambeiro	track
golerpa	sow
iago	james
gostar	like
ravo	radish
vixia	police
orixe	origin
potasio	potassium
abraiar	astonish
decimo	tenth
constitucion	constitution
cinc	zinc
hera	hera
touro	bull
aaron	aaron
aplaudir	applaud
matadoiro	shambles
cripton	krypton
ameaza	threat
arxen	silver
panadaria	bakery
avespa	wasp
cullerada	dollop
resaca	hangover
dinamo	dynamo
escandinavo	scandinavian
queratina	keratin
riorta	fray
luisiana	louisiana
islamofobo	islamophobe
xabron	soap
innato	innate
hercegovina	herzegovinian
magdalena	madeleine
cerebelo	cerebellum
alaiar	gasp
irremediabel	irremediable
divorcio	divorce
luar	moonlight
especulativo	speculative
abacial	abbatial
avaro	stingy
verdoia	slime
cucho	calf
inmaturo	green
tunel	tunnel
seguramente	safely
inspeccionar	inspect
normandia	normandy
ideoloxico	ideological
carmesin	crimson
razon	reason
mesquita	mosque
poupar	grope
ver	see
pero	but
funerario	funerary
calmar	calm
vencemento	defeat
derreter	fond
chora	blossom
telefonista	operator
xudaismo	judaism
baiunca	ravine
fondiga	sling
poetico	poetic
cisticercose	cysticercosis
morro	snout
guterre	walter
padal	palate
prever	foresee
tumultuoso	tumultuous
sicixia	syzygy
lambada	sweets
reflexion	reflection
tortilla	omelette
arenque	herring
coana	broom
ainu	ainu
reptil	reptile
definir	define
someter	subject
capitan	captain
farelo	bran
filologo	philologist
folgueira	fern
satisfacer	satisfy
penuxe	down
tornasol	litmus
europio	europium
gasoso	gaseous
estribeira	sling
comedor	eater
pardela	shearwater
tema	theme
entrevistar	interview
braza	fathom
contradicion	contradiction
firgoa	spark
axente	agent
volcan	volcano
utilizar	use
lamprea	lamprey
laranxa	orange
amendoa	almond
rinle	kidney
continente	continent
serpe	snake
reaccion	reaction
ancino	rake
eiruga	caterpillar
bicicleta	bicycle
heliopausa	heliopause
esgarro	sputum
involucro	involucre
testemuna	seer
estandarizar	standardise
goa	goa
namibia	namibia
murgazo	drizzle
xeoide	geoid
comunismo	communism
feno	hay
vendibel	saleable
gozar	enjoy
superficie	surface
ferro	iron
deparar	find
cabazo	pumpkin
desfloracion	defloration
planeta	planet
fonoloxia	phonology
etiquetaxe	labeling
pen	bolt
bolivia	bolivia
letra	letter
gramatica	grammar
propietario	owner
face	facet
heterosexual	heterosexual
rexemento	regiment
pregunta	question
alfabeto	alphabet
miseria	misery
galio	gallium
burato	hole
espora	spur
artemis	artemis
encaracolar	curl
amolentar	steep
oscilacion	oscillation
conxerie	heap
goldra	weld
carelio	karelian
treboada	thunderstorm
rapaza	maid
avelaira	hazel
perdoar	excuse
humildade	humility
explorable	explorable
emorgar	steep
bola	ball
mamifero	mammal
quimicamente	chemically
maraxe	south
interesado	interested
fonema	phoneme
subsidio	subsidy
milenio	millennium
valvula	valve
infantaria	infantry
guelmo	brush
medona	astonishment
beixar	kiss
porfirina	porphyrin
intransitivo	intransitive
columna	column
alivio	relief
sambodromo	sambadrome
etrusco	etruscan
berton	shoot
achegarse	approach
oco	empty
novela	novel
pogrom	pogrom
nahuatl	aztec
lene	soft
terremoto	earthquake
inducir	induce
sacramento	sacrament
cacahuete	peanut
fotometro	photometer
confort	ease
bidente	ram
exhumacion	exhumation
triunfar	triumph
chaminea	chimney
roupeiro	wardrobe
sino	bell
bruio	thunder
clixe	shibboleth
eduardo	edward
esquife	skiff
erbio	erbium
coser	sew
colono	colonist
instituto	institute
variabel	variable
xaxun	fasting
carena	carina
profeta	prophet
troiano	trojan
prefixo	prefix
muino	mill
confirmar	confirm
cozar	scratch
barcelona	barcelona
haxix	hashish
vadear	ford
anitre	duck
fuisca	bolt
aguzadoira	sharpener
label	slime
gaspallo	cud
celenca	slag
luxemburgues	luxembourgish
septuagesimo	seventieth
encanto	allure
caseiro	homemade
inimigo	enemy
turismo	tourism
poula	fallow
bugallo	gall
bazo	spleen
demiurgo	demiurge
coraxe	courage
anarquia	anarchy
culler	spoon
avo	grandfather
sucedaneo	ersatz
inmobilizar	immobilize
protrombina	prothrombin
yiddish	yiddish
mesmo	same
obradar	bid
sete	seven
homoxeneizar	homogenize
suavizar	soften
citosol	cytosol
bragales	roe
filmar	film
desilusion	disillusionment
unida	attached
vitalismo	vitalism
libre	free
afeito	accustomed
choco	cuttlefish
vehiculo	vehicle
ictiocola	isinglass
salmoura	brine
eufemismo	euphemism
demografico	demographic
amputacion	amputation
temporal	temporary
caixal	jaw
actividade	activity
espantallo	scarecrow
bacia	basin
tiburon	shark
falcona	jail
bance	rung
implicito	implicit
plutonico	plutonic
leite	milk
enxeneiro	engineer
barboleta	butterfly
calidade	quality
lucir	shine
noiteboa	nightjar
limpo	clean
labrego	peasant
alicia	alice
estantiga	ghost
potente	powerful
verso	verse
punto	dot
superior	superior
cobizoso	covetous
chicago	chicago
amoxicilina	amoxicillin
amieiro	alder
larchan	snail
megagramo	megagram
ouva	elf
conviccion	conviction
tarzan	tarzan
rabicho	left
cerimonia	ceremony
tarabellon	cage
intelixencia	intelligence
anuro	anuran
escuadro	norma
ximnasta	gymnast
unir	attach
queixarse	complain
pantasma	ghost
cemento	cement
bigaro	periwinkle
vina	vineyard
enchoupar	drench
axila	armpit
albura	whiteness
choca	cowbell
bisallo	bag
economia	economics
mahoma	muhammad
tifoso	typhous
filoloxico	philological
touza	grove
dep	rip
pimpin	finch
torradora	toaster
xigantesco	gigantic
espanglish	spanglish
golea	skua
labrega	peasant
compor	compose
rusa	russian
observador	observer
otan	nato
prato	dish
trincheira	trench
adobe	adobe
outan	hill
malvis	thrush
milimetro	millimetre
xulian	julian
virxilio	virgil
estranxeira	foreigner
avalancha	avalanche
ortiga	nettle
insecto	insect
veterano	veteran
lingual	lingual
poner	put
fatado	group
macenar	steep
muon	muon
consul	consul
xelado	ice
quella	slope
dinamarca	denmark
monforadina	basil
equinoccio	equinox
activar	activate
corpo	body
subela	awl
dicionario	dictionary
panal	honeycomb
afirmar	affirm
onte	yesterday
esburgar	peel
parga	heap
cercela	starfish
multiplicar	multiply
perolo	pot
estudante	student
acelerometro	accelerometer
comodidade	comfort
palastra	lever
destrucion	destruction
gaiteiro	bagpiper
oceania	oceania
vexetariano	vegetarian
guiso	hash
almacenar	store
expectorar	expectorate
palmela	hinge
vacuolo	vacuole
sela	saddle
ancoradoiro	anchorage
secatura	nonsense
estacada	stockade
feila	dandruff
manchester	manchester
reter	withhold
invendibel	unmarketable
truan	fraud
milicroque	foxglove
maori	maori
brita	gravel
xavelina	javelin
mexericas	crybaby
rebasca	crab
esbichar	sneeze
noruega	norway
conecibel	knowable
flotante	afloat
espolar	mow
ordenador	computer
xogador	player
talio	thallium
infusion	infusion
indicio	hint
imitar	imitate
estalote	foxglove
clima	climate
grilar	bud
cruzada	crusade
paor	fear
verde	green
enfadar	anger
gargola	gargoyle
sexualmente	sexually
esgarabanar	hail
agosto	august
odio	hatred
baia	eulalie
fana	landslide
carrolo	nape
argumento	argument
centimetro	centimetre
xardineiro	gardener
presentar	present
ironicamente	ironically
frao	racket
martir	martyr
brionia	bryony
visita	call
hache	aitch
escoda	hammer
lendiaxe	drizzle
mente	mind
realismo	realism
facatrus	nag
totalidade	totality
xustificabel	justifiable
mandragula	ghost
afagar	flatter
fermento	ferment
palauano	palauan
vinedo	vineyard
barxoleta	bag
irreprimible	irrepressible
abel	abel
oferecer	bid
caborco	ravine
enxugar	wipe
amano	fixture
ostracismo	ostracism
notablemente	notably
probiotico	probiotic
formigueiro	anthill
ficha	coin
inmenso	immense
proxecto	project
degallar	mow
xilofono	xylophone
teologo	theologian
abaca	abaca
limoeiro	lemon
semanalmente	weekly
sacrificio	sacrifice
lisca	shoo
artistico	artistic
verron	pig
amerindia	indian
gouna	stone
peleteiro	furrier
turbulento	turbulent
cabra	goat
cubana	cuban
sabeiro	dais
alergologo	allergologist
cadmio	cadmium
repulsivo	repulsive
proteccion	protection
vermont	vermont
marrocos	morocco
asesor	advisor
orballar	drizzle
odre	goatskin
menzona	lie
emblema	emblem
esporon	spur
constituinte	constituent
barbana	creek
meigueria	sorcery
gargallar	guffaw
apostolo	apostle
anguria	anxiety
amargor	bitterness
distancia	distance
abancar	ford
galdrana	slag
coralino	coralline
liston	slat
fornecemento	supply
trasmontano	transmontane
tora	log
frouxo	weak
rexistrar	inspect
sedicion	sedition
epentetico	epenthetic
copelar	cupel
salar	salt
doadora	donor
presenza	presence
mecanica	mechanics
denizar	gorge
amo	master
canavela	cane
soberana	sovereign
sacerdocio	priesthood
cristianizar	christianize
interrupcion	interruption
impresor	printer
necesitar	need
quinta	grove
broque	sinkhole
proporcion	proportion
bigornia	anvil
mesias	messiah
hungria	hungary
venezolano	venezuelan
folclorico	folkloric
xamon	ham
poroso	porous
subxenero	subgenre
xeonllo	knee
topacio	topaz
bolboreta	butterfly
voaxa	dust
atrocidade	atrocity
perdouxer	beg
anticipacion	anticipation
popular	popular
mouza	drizzle
predicamento	predicament
sicomoro	sycamore
finanzas	finance
levemente	slightly
wisconsin	wisconsin
encerrar	encase
moralmente	morally
legalizacion	legalization
allear	alienate
luxemburgo	luxembourg
choromica	maudlin
amputar	amputate
practicar	practise
samesuga	leech
palleira	skua
gurita	hypocrite
leal	loyal
strume	litter
grande	great
grecia	greece
picapau	woodpecker
ron	rum
groseiro	rude
banar	bathe
occidente	west
mostaza	mustard
galineiro	henhouse
dezaoito	eighteen
biocenose	biocoenosis
vomitivo	nauseating
explorabel	explorable
oman	oman
lexible	legible
imposible	impossible
rumiallo	cud
henry	henry
froia	cheek
fascinacion	fascination
avantar	leap
tenrura	tenderness
sacarosa	sucrose
personificar	personify
eurozona	eurozone
semellante	similar
setembro	september
hidronimo	hydronym
niquifate	cog
pruida	summit
merada	drizzle
xampu	shampoo
carpir	complain
lagaria	marten
arte	art
heliosfera	heliosphere
pole	pollen
currino	endearing
medicacion	medication
dominicano	dominican
catadromo	catadromous
sodoma	sodom
cala	creek
argon	argon
exclamacion	exclamation
indiferente	indifferent
titulo	title
glagolitico	glagolitic
elga	eye
chairo	flat
cinsa	ash
abertamente	openly
macareu	mackerel
acantilado	cliff
xadrez	chess
calcario	limestone
faillo	attic
chulo	pimp
emperatriz	empress
melendro	snowflake
eurofobia	europhobia
peaxe	toll
nique	scar
madeira	wood
alxeriano	algerian
sepultura	grave
pancracio	pankration
piramide	pyramid
helmo	helmet
abelurio	gnome
angosto	narrow
imprimar	prime
durable	durable
polaina	spat
gorxipa	gorge
lina	line
imperdoabel	unforgivable
menorca	minorca
atlas	atlas
mendigo	beggar
carroucha	cockroach
refuxio	refuge
asia	asia
solpor	sunset
fernando	ferdinand
ciclope	cyclops
insociable	unsociable
ria	estuary
gabar	praise
esbagalloar	drizzle
tremendo	terrifying
gregario	gregarious
lignito	lignite
vieira	scallop
entusiastico	enthusiastic
anecdotico	anecdotal
famelga	spark
populismo	populism
trastorno	disorder
progreso	progress
callostro	ravine
alporizarse	rankle
formigon	concrete
percutir	smite
lente	lens
martino	martin
canaveira	cane
manturio	food
bifurcacion	fork
alberte	albert
merenda	nuncheon
mental	mental
relon	bran
homeopata	homeopath
barbaro	barbaric
imperdoable	unforgivable
governar	govern
quiabo	okra
fletan	halibut
xermanio	germanium
radiologo	radiologist
croacia	croatia
gallipa	branch
cubano	cuban
bicha	leech
morghana	fishbone
cotorza	coot
rechumir	wither
creador	creator
contador	meter
delta	delta
prision	prison
remela	gound
efimero	ephemeral
ingua	groin
troiana	trojan
buraco	hole
impreciso	inaccurate
soiro	whey
hidroloxia	hydrology
esporanxio	sporangium
recuperacion	recovery
computadora	computer
acariciar	pet
sufrido	suffering
incontabel	countless
normanda	norman
rebezo	chamois
silo	silo
dallas	dallas
conforte	comfort
guante	glove
fazula	cheek
eden	eden
espuma	lather
liturxico	liturgical
corpino	bodice
emitido	broadcast
teixo	yew
bodo	food
sentasin	finch
agron	watercress
tridente	trident
salvaxe	wild
lento	sullen
abranguer	attain
seguinte	next
xardon	holly
groufo	stone
louro	pebble
enterro	burial
esmorga	party
terceiro	third
lameiro	marsh
badalo	clapper
muxe	mullet
sismoloxia	seismology
cicelar	chisel
metal	metal
marmota	marmot
funil	funnel
estadea	ghost
balde	bucket
corrupto	corrupt
segovia	segovia
decision	ruling
indixerible	indigestible
silencioso	quiet
mouta	woodland
conversacion	conversation
diana	diana
caivanca	hollow
misterioso	mysterious
ocular	ocular
alancada	step
perfeccion	perfection
roma	rome
estanislau	stanislaus
troposfera	troposphere
andalucia	andalusia
andorga	belly
edo	edo
marelo	yellow
engurrar	wrinkle
bravu	reek
arxento	silver
inalterado	unaltered
silvestre	sylvan
declaracion	declaration
vafo	reek
xamaicano	jamaican
castor	beaver
rudo	coarse
anxela	angela
uroboros	ouroboros
xenxivite	gingivitis
intermedio	intermediate
samago	sapwood
urbanizacion	urbanization
abanqueiro	ford
bile	bile
federal	federal
funcion	function
molibdeno	molybdenum
pildora	plover
combinacion	combination
adoxar	scrape
amiga	friend
custo	cost
parchear	patch
trindade	trinity
deducion	deduction
diacritico	diacritical
tele	television
vampiro	vampire
mixto	mixed
tese	thesis
proveito	win
tanatofobia	thanatophobia
nordico	norse
caligrafia	calligraphy
ebanista	cabinetmaker
nordes	northeast
manteiga	butter
cafeeira	coffee
axencia	agency
esquecible	forgettable
abastecer	supply
xanela	window
chouto	hop
vendima	vintage
res	nothing
birollo	crosseyed
avisar	warn
tenreiro	calf
omnivoro	omnivore
destripar	disembowel
cimitarra	scimitar
xerundio	gerund
cidadania	citizenship
hermes	hermes
vanga	bud
cadiz	cadiz
cilindrico	cylindrical
morfina	morphine
lamachega	slug
ancheamento	widening
damasco	damascus
vixiar	watch
vilan	villain
referir	refer
acelga	chard
soleira	doorstep
adobar	season
aigote	harrier
bocal	muzzle
ingrediente	ingredient
intrigante	scheming
demoler	tear
finlandes	finnish
casio	cassius
solteiro	single
magoar	hurt
biografia	biography
insaciabel	insatiable
apano	fixture
tulio	thulium
arpon	harpoon
composicion	makeup
xeorxiano	georgian
pavon	peacock
hexaedro	hexahedron
oriental	oriental
bangladesh	bangladesh
zurica	linnet
badoco	boor
pasado	past
baldroeiro	tattered
entullo	rubble
argola	eye
atrapallar	muddle
incompleto	incomplete
contiguidade	contiguity
vir	come
inflarse	swell
obsesivo	obsessive
fedor	reek
aklanon	aklanon
necio	foolish
aplicacion	application
baleigan	snail
ouzo	ouzo
paraza	bark
taiwan	taiwan
plano	flat
chagorza	quagmire
teoloxico	theological
calleira	abomasum
adicion	addition
filoloxia	philology
voz	voice
golear	yell
romania	romania
optimismo	optimism
arquiduque	archduke
coala	koala
mosaico	mosaic
optimizacion	optimization
acostumado	accustomed
usual	usual
critico	critic
escoltar	escort
ecoloxia	ecology
itrio	yttrium
pigarro	rook
lapinada	drizzle
adiccion	addiction
bruon	peg
bugalla	gall
facer	make
artesanal	handcrafted
salton	grasshopper
coengo	canon
papiro	papyrus
volcanico	volcanic
carambuna	stone
modernismo	modernism
caniche	poodle
evitabel	evitable
borraxe	borage
fillastro	stepson
colaborador	collaborative
biste	steak
gache	shoo
ransir	trail
capelan	priest
voitre	vulture
vaidade	vanity
palferro	lever
comparabel	comparable
mordida	bite
pechadura	lock
espia	spy
coar	strain
atizar	poke
descortesia	inattention
latitar	hide
aspartame	aspartame
adquirir	acquire
factible	feasible
difamador	defamatory
balconing	balconing
tio	uncle
burruallo	reek
envorcar	turtle
coulomb	coulomb
localizacion	situation
medrar	grow
conselleiro	advisor
froallo	drizzle
furela	mole
carniceiro	butcher
alpeiro	steep
sincronizar	synchronize
herpetologo	herpetologist
albatros	albatross
ferropea	prison
calcaria	limestone
altar	altar
siria	syria
outonal	autumnal
difamar	besmirch
grampar	staple
cinseiro	ashtray
baleeiro	whaler
aereo	aerial
frugal	frugal
borro	ram
camandula	snail
mango	handle
flor	flower
eva	eve
endometrite	endometritis
punicion	punishment
cambio	change
ununtrio	ununtrium
revocador	tugboat
amarrar	fasten
crueldade	cruelty
medear	beg
preguiza	sloth
austriaco	austrian
montanoso	mountainous
apicultor	beekeeper
pensilvania	pennsylvania
perimetro	perimeter
falar	speak
icia	cecilia
xuliana	juliana
viandante	pedestrian
brilla	groin
chamada	call
farnesia	frenzy
facilmente	easily
frimario	frimaire
refran	proverb
esmola	alms
inseparable	inseparable
tello	lid
haloxeno	halogen
toleiro	quagmire
larapetas	glib
sanguineo	sanguine
glandula	gland
arquidiocese	archdiocese
costeleta	chop
mesenterio	mesentery
coreana	korean
socialmente	socially
ganador	winner
catacumba	catacomb
raque	rachis
irremediable	irremediable
vladimir	vladimir
agrimensor	surveyor
peonil	pedestrian
bicano	hill
glaciar	glacier
machismo	machismo
areira	ivy
variola	smallpox
competente	competent
cambadela	somersault
dilema	dilemma
diamantifero	diamondiferous
escravitude	slavery
zambullo	dwarf
tarabelo	bolt
subhasta	auction
castaneta	pompano
caza	hunt
frorecer	blossom
patriarcado	patriarchate
bantu	bantu
recomponer	reassemble
desleal	disloyal
gadanar	mow
rular	auction
bourar	smite
salgueiro	willow
lucioperca	zander
lubricacion	lubrication
pomposo	pompous
enceleirar	hide
bario	barium
guerrear	war
quince	fifteen
peite	comb
rifle	rifle
infinitivo	infinitive
muxica	spark
cauto	careful
bloque	block
alternativo	alternative
sheriff	sheriff
arame	wire
outubro	october
boro	boron
feira	fair
cruelmente	cruelly
trauma	trauma
trafico	traffic
gamarza	camomile
membranofono	membranophone
arpista	harpist
treidor	traitor
tiramisu	tiramisu
billeteira	wallet
escravo	slave
absorber	absorb
esbechar	sneeze
pubico	pubic
senso	sense
xelatinoso	gelatinous
porcelana	porcelain
comercio	commerce
adn	dna
xarda	mackerel
carbohidrato	carbohydrate
acabada	done
distinguibel	distinguishable
gonada	gonad
datado	dated
ultravioleta	ultraviolet
ultramarinos	groceries
bimbarra	lever
marxa	loam
canal	canal
multifiestra	multiwindow
oncoloxico	oncologic
violeta	violet
holandesa	dutch
alzaprema	lever
canterlo	sweets
zorrolo	bolt
excitar	heat
patela	limpet
precedente	precedent
cascallo	gravel
hipocentro	hypocentre
chamador	doorknocker
atopar	find
heliometro	heliometer
choromicas	crybaby
silvia	silvia
adro	churchyard
oscar	oscar
prateiria	silver
estoupido	burst
anacronico	anachronistic
querubin	cherub
catropea	crowd
bulgaro	bulgarian
trinitense	trinidadian
caleiro	creek
excentrico	eccentric
afectar	affect
boieiro	bootes
bokmal	bokmal
galipota	tar
ollar	gaze
apandar	hide
retractarse	withdraw
hindu	indian
refino	refinement
estudo	study
antropoloxia	anthropology
particion	partition
peneirino	harrier
roxelio	roger
logaritmico	logarithmic
videocasetes	video
mercar	purchase
pronome	pronoun
esgueirarse	lurk
trivial	trivial
amora	mulberry
orquestral	orchestral
persa	persian
quentar	heat
fao	refrain
herculeo	herculean
cigoto	zygote
audibilidade	audibility
lambonada	sweets
papiroflexia	origami
traza	moth
electrica	electric
crocada	dent
inflixir	inflict
medina	medina
entrechan	entresol
critica	criticism
cegamente	blindly
seguridade	safety
loxico	logical
grilo	cricket
sikhismo	sikhism
iodo	iodine
lerdez	nonsense
balance	balance
visual	visual
regueifa	loaf
andromena	shenanigans
bacallau	cod
penultimo	penultimate
peganento	sticky
utopia	utopia
autonomo	autonomous
lampeiro	quick
crucifixo	crucifix
cabelo	hair
caminada	hike
xutlandia	jutland
aguaneta	snipe
mosia	odd
tampa	lid
epitome	epitome
capitalismo	capitalism
cadencia	cadence
azul	blue
rubi	ruby
historiador	historian
paraguai	paraguay
locion	lotion
ambicion	ambition
boneca	doll
galon	gallon
escaleira	stairs
reiterar	reiterate
extinguible	extinguishable
abominabel	abominable
cardiologo	cardiologist
tapadeira	lid
millaranco	linnet
xirasol	sunflower
cigallada	bait
australiana	australian
estereo	stereo
anxelical	angelic
toupa	mole
cincenta	cinderella
pantalla	screen
biceps	biceps
atrelar	lurk
tucano	toucan
amentar	recollect
anular	annul
aplicado	thrifty
embolo	piston
salocho	cheeky
perplexidade	perplexity
ubicuidade	ubiquity
catro	four
cerceliar	drizzle
ouvear	howl
lexitimo	legitimate
caritel	box
climatoloxia	climatology
amparo	umbrella
tennessee	tennessee
alucinoxeno	hallucinogenic
xustificable	justifiable
carballeira	oakwood
lenador	lumberjack
ponte	bridge
barbadense	barbadian
espantallada	ghost
roldo	bolt
obstinado	obstinate
conxugar	conjugate
destilador	distiller
khartun	khartoum
caloria	calorie
ilustrar	illustrate
cara	face
inxusto	unjust
anana	dwarf
seistra	left
nocion	notion
bodalla	sow
fmi	imf
socialismo	socialism
cronica	chronic
hospede	guest
albacora	albacore
beche	wattle
averdado	greenish
biskaia	biscay
moscova	moscow
factor	factor
marcela	marcella
inclusivo	inclusive
ancestral	ancestral
seara	cornfield
vinte	twenty
excavadora	excavator
canzorro	bracket
podre	rotten
macandon	snail
andrea	andrea
aguante	stamina
naiade	naiad
adultera	adulterer
estimulo	stimulus
tomateira	tomato
lingoreteiro	glib
freire	friar
absalon	absalom
frison	frisian
terapeutico	therapeutic
chio	tweet
patricia	patricia
peninsula	peninsula
secuencia	sequence
facturar	invoice
xeografo	geographer
ladar	beg
alfunin	funnel
correo	email
arxentado	silver
metadatos	metadata
engano	deceit
teixoramo	yew
anorexico	anorexic
laurencio	lawrencium
mendrello	wattle
esterno	breastbone
italiano	italian
emigrante	emigrant
sorgo	sorghum
cambon	lever
cacharro	crock
petiscar	browse
motorista	motorist
homoxeneo	homogeneous
relixion	religion
xerador	generator
wolfgang	wolfgang
conxuxe	spouse
escarpa	escarpment
docilidade	docility
verbosidade	verbosity
trenlla	grill
coxar	scratch
ambiguamente	ambiguously
bascullo	brush
escandio	scandium
chamarse	hight
sabre	sabre
escralacar	spoil
incomparabel	uncomparable
terror	terror
audiometro	audiometer
bercia	south
benefico	beneficial
edmonton	edmonton
friccion	friction
como	how
nadar	swim
ierevan	yerevan
escorpion	scorpion
barbara	barbara
feluxe	soot
traballar	work
chasquexo	click
turdio	traitor
citocinese	cytokinesis
brus	brush
refinar	refine
carnoedo	cairn
nantes	nantes
zoonose	zoonosis
frenoloxia	phrenology
maxia	magic
soberano	sovereign
espreitar	lurk
adecuado	proper
cacharela	can
curioso	curious
truculento	gruesome
canaves	pig
pinchon	gable
penela	hill
sixilografia	sigillography
destino	destination
sida	aids
preparar	prepare
cursor	cursor
ambiguidade	ambiguity
cultura	culture
acusar	accuse
gracilmente	gracefully
efe	ef
insultar	revile
trienal	triennial
sega	harvest
sorte	luck
armenia	armenia
calificar	qualify
apocrifo	apocryphal
paio	pelagius
deportivo	sporting
intensidade	intensity
carme	carmel
aragones	aragonese
pruiar	drizzle
trimaran	trimaran
cuarto	quarter
cancereixo	rowan
brigante	rogue
barbados	barbados
herpes	herpes
atentado	attempt
pio	pious
correa	strap
fresia	freesia
rexuvenecer	rejuvenate
fabricacion	manufacturing
cichar	squirt
madagascar	madagascar
litro	litre
urss	ussr
chichewa	chichewa
peiteado	hairstyle
albardeiro	tattered
virus	virus
disponibel	disposable
cultural	cultural
gafo	leper
activamente	actively
arteiro	cunning
garampallo	left
pizzaria	pizzeria
khoisas	khoisan
especialista	pundit
solenoide	solenoid
relevante	relevant
galais	blossom
sevilla	seville
toxico	toxic
rosa	rose
gravata	necktie
cruel	cruel
zodiacal	zodiacal
probabel	probable
esfera	sphere
afectuosa	affectionate
perxudicial	harmful
rusia	russia
calorimetria	calorimetry
revolucion	revolution
doma	week
galico	gaulish
estonia	estonia
escrutinio	scrutiny
andosca	sheep
cravar	nail
traxicomico	tragicomic
aria	aria
diametro	diameter
fonologo	phonologist
engado	bait
eme	em
garro	slime
ferrocarril	railway
lavega	plough
koala	koala
fundamental	fundamental
frase	phrase
revelar	reveal
esbourar	explode
inflexible	inflexible
agochar	hide
loitar	fight
meirol	steep
marido	husband
arcabuceiro	arquebusier
grampa	staple
serraduras	sawdust
triptofano	tryptophan
esaxeracion	exaggeration
ulna	ulna
reto	challenge
oeste	west
infamia	infamy
xullo	july
buzaca	bag
azulenta	dunnock
mendicar	beg
bandalleiro	tattered
abdominal	abdominal
sabedor	delicious
brello	pebble
mazapan	marzipan
milgranda	pomegranate
diaxenese	diagenesis
gacha	snipe
escribir	write
fular	cravat
gransolla	whisper
anicarse	duck
esturion	sturgeon
piton	python
entouzarse	hide
recompor	reassemble
floco	flake
cerrizo	spine
romulo	romulus
cercopiteco	guenon
marine	marine
triade	triad
carabela	caravel
destro	skilled
xeneralidade	generalness
amar	love
platon	plato
colombia	colombia
hassio	hassium
ondular	wave
boirao	rogue
rochoso	rocky
boligrafo	pen
botafumeiro	censer
detallado	elaborate
tripartito	tripartite
cotifar	grope
maron	ram
teoricamente	theoretically
islamizacion	islamization
grilanda	garland
veracidade	veracity
retrucar	retort
vidroso	glassy
ruibarbo	rhubarb
arbore	tree
viquingo	viking
alpendre	shed
cadena	chain
poboacion	population
intimo	intimate
caer	fall
cincon	bolt
vulnerable	vulnerable
comunon	communion
chamativo	gaudy
nin	even
calza	spat
asturiano	asturian
embarazo	pregnancy
piemontesa	piedmontese
ubre	udder
monetario	monetary
betsabe	bathsheba
pulmonar	pulmonary
clorar	chlorinate
sufixo	suffix
cenza	waterfall
papuxas	poultice
monocarril	monorail
mitoloxico	mythological
endocrino	endocrine
alasca	alaska
prestamo	loan
renovar	renovate
prango	anxiety
locomotora	engine
detrito	detritus
herexia	heresy
moreira	mulberry
diatomita	diatomite
cortesia	courtesy
xarxeira	osier
asueto	rest
aillado	secluded
aroeira	mastic
palido	pale
tomino	thyme
resolver	riddle
textura	texture
empenar	pawn
palafustran	tattered
planetoide	asteroid
fraude	fraud
iniciacion	initiation
cuspia	foam
irrelevante	irrelevant
obradoiro	shop
recrutamento	recruitment
rabunar	scratch
xoanete	bunion
ourivesaria	silver
badminton	badminton
lois	louis
sasafran	saffron
bandeira	flag
chaga	sore
panasco	clod
ensaista	essayist
duas	two
tarrago	bolt
habitante	inhabitant
notorio	notorious
moneco	doll
parente	relative
liquidacion	solution
adestrar	train
frutidor	fructidor
prana	husk
amarelado	yellowish
letrado	lawyer
bullaca	gall
era	era
kafkiano	kafkaesque
duran	stone
tropas	troops
boas	smallpox
catarro	cold
tolete	thole
ameba	amoeba
maza	apple
sentar	sit
coldre	quiver
morcego	bat
yap	yap
ventureiro	odd
traguer	bring
simetria	symmetry
bullafre	kite
oricteropo	aardvark
rectangulo	rectangle
almella	sheep
surinames	surinamese
transgresora	transgressor
bornholmes	bornholmsk
desgarrar	tear
caprichoso	whimsical
abordelar	tow
abalada	exit
recrutar	recruit
ullo	marsh
notable	notable
inconcibible	inconceivable
feminista	feminist
estrea	debut
sexto	sixth
traxectoria	trajectory
punir	punish
xose	joseph
ucraino	ukrainian
artur	arthur
latiza	lattice
nativo	native
desconfiar	distrust
renarte	cunning
kikuyu	kikuyu
enerxia	energy
facil	easy
gabido	bucket
trofeo	trophy
arrozal	paddy
hadron	hadron
incompatible	incompatible
chatar	attend
translucido	translucent
dura	duration
rogar	beseech
prostitucion	prostitution
esbullar	spoil
ausencia	absence
electron	electron
arcebispo	archbishop
iloxico	illogical
anomalo	anomalous
tempestuoso	tempestuous
rutherfordio	rutherfordium
este	this
crenza	belief
verme	worm
vinagreta	vinaigrette
contido	content
xohan	john
anoxar	annoy
coroide	choroid
napia	snout
armixero	page
ordinario	ordinary
participante	participant
cazar	hunt
euribor	euribor
adherir	adhere
xalra	fishbone
ohio	ohio
gata	queen
computar	compute
banal	banal
hedreira	ivy
respectuoso	respectful
frondia	grove
conxenito	congenital
mirandes	mirandese
tarima	dais
ladro	bark
caucaso	caucasus
arquipelago	archipelago
morado	purple
grenlandes	greenlander
casula	chasuble
galinola	coot
peru	peru
heroico	heroic
esmigallar	crumble
abruno	sloe
canizo	wattle
hipotecar	mortgage
visible	visible
reducir	reduce
astronomia	astronomy
raciocinio	ratiocination
desbaldidora	spendthrift
novembro	november
bastamente	coarsely
guiaba	guava
guincho	winch
bonifacio	bonifatius
desvantaxe	disadvantage
alcaloide	alkaloid
uniforme	uniform
musa	muse
ecuestre	equestrian
vandalismo	vandalism
cristal	crystal
aloufar	bark
vibrafono	vibraphone
decibel	decibel
transitivo	transitive
aseo	toilet
rodar	film
aglaio	astonishment
godalla	sow
suor	sweat
gamuza	chamois
sumerio	sumerian
loxica	logic
lituano	lithuanian
manlle	flail
abidjan	abidjan
descanso	rest
albanes	albanian
tardina	evening
empeno	pawn
patriotico	patriotic
meme	meme
mistico	mystical
arteria	artery
conminuta	comminution
bordel	brothel
cheirume	reek
alburgar	lie
freudiano	freudian
tradicional	traditional
vergona	shame
empeoramento	worsening
vixilia	vigil
base	base
primaveral	springlike
terratenente	landowner
sofa	sofa
queimar	burn
aurora	aurora
alfa	alpha
micoloxia	mycology
letonia	latvia
filosofia	philosophy
candollo	pebble
equilibrio	balance
admirabel	admirable
perfumeiro	perfumer
prosperidade	prosperity
flexibel	flexible
agricultura	agriculture
cheo	full
estacion	season
cheminea	chimney
ditatorial	dictatorial
viscosidade	viscosity
coquina	coquina
chaleco	waistcoat
manguan	snail
hades	hades
censura	censure
durabel	durable
neodimio	neodymium
migracion	migration
suxestion	suggestion
paa	shovel
lonxe	far
clasificable	classifiable
cuestion	question
acendido	on
galicia	galicia
paquistan	pakistan
incompatibel	incompatible
islamofoba	islamophobe
transilvania	transylvania
molete	loaf
mascato	gannet
xavier	xavier
pernambuco	timbuktu
crocodilo	crocodile
billete	banknote
carracha	tick
canguelo	fear
division	division
fondexar	sling
marabillarse	marvel
lomba	hill
humoristico	humorous
tipicamente	typically
himno	hymn
venduta	auction
terreal	earthly
intelixente	intelligent
congregar	congregate
naturalista	naturalist
pradal	prairial
peito	chest
escrarexer	dawn
ortopedista	orthopedist
sambesuga	leech
amsterdam	amsterdam
barometro	barometer
flebite	phlebitis
viuvez	widowhood
aspecto	aspect
ecoloxista	ecologist
alfarrobeira	carob
pornografo	pornographer
antiguidade	antiquity
coccixeo	coccygeal
sembra	loaf
carregar	bring
angolano	angolan
xugular	jugular
emasculado	emasculate
acivro	holly
casandra	cassandra
fachiza	broom
fungon	cantankerous
milladoiro	cairn
estruga	nettle
programa	program
raiola	sunshine
egoista	selfish
arrebolar	sling
santos	november
baralla	fray
estimulante	stimulant
ecliptica	ecliptic
tentaculo	tentacle
millafre	kite
certamente	certainly
facile	easy
lexionario	legionary
ermida	hermitage
trompa	trunk
metodo	method
chumazo	cushion
invertebrado	invertebrate
saxofon	saxophone
necrofobia	necrophobia
entoacion	intonation
cotanxente	cotangent
electrizante	electric
inhabitado	uninhabited
ese	ess
topico	platitude
avanzar	advance
xiparse	escape
conxugador	conjugator
adverbio	adverb
orbita	orbit
estructura	fabric
areoso	sandy
entendibel	tangible
arrollar	cork
asertivo	assertive
ortorrombico	orthorhombic
cinceiro	ashtray
trunfo	trump
indixeribel	indigestible
canivela	cane
hipnotizar	hypnotize
ligazon	link
bahraini	bahraini
pontevedra	pontevedra
afervoado	fervent
bacaceiro	snail
meticuloso	puritanical
contar	count
purificar	purify
ancho	wide
sapo	toad
inflamacion	inflammation
monticulo	hill
nivel	level
angazo	rake
corresponder	respond
creacionismo	creationism
libraria	bookshop
esteril	sterile
ceriballo	track
fremer	quiver
artista	artist
tremelicar	shiver
desprezo	contempt
brillar	shine
compatible	compatible
cintura	waist
decimetro	decimetre
anima	soul
cortizol	sandgrouse
montenegro	montenegro
plutonio	plutonium
amidonar	starch
inferior	inferior
salouco	hiccup
mestre	master
vendimiario	vendemiaire
furtar	filch
espello	mirror
aeronaves	aircraft
parcialmente	partially
cefalopodo	cephalopod
outono	autumn
avespora	wasp
osmose	osmosis
caerse	fall
especifico	specific
coleira	sling
xiquerda	left
astrolabio	astrolabe
manifestar	manifest
falla	fracture
xibuti	djibouti
lacrimal	lacrimal
bidueiro	birch
tetrametro	tetrameter
tupi	tupi
esfaragullar	crumble
regacho	brook
seteira	loophole
seiturar	mow
fotografo	photographer
sul	south
usuario	user
pesuno	hoof
prender	light
unido	attached
nutritivo	nutritious
propulsion	propulsion
esofago	oesophagus
bugarda	hammer
enciclopedia	encyclopedia
renio	rhenium
ireira	ivy
perder	lose
cardite	carditis
aurelio	aurelius
lamberto	lambert
zoofobia	zoophobia
sismografo	seismograph
cuico	piglet
maquina	machine
anxelico	angelic
menosprezar	belittle
claustro	cloister
inxesta	intake
rata	rat
biografico	biographical
afgan	afghan
lampear	mow
myanmar	myanmar
camaron	shrimp
xeografa	geographer
abrahan	abraham
boaventura	bonaventure
sinuca	snooker
anormalidade	abnormality
africana	african
incluso	even
rodio	rhodium
pluralidade	plurality
lupus	lupus
espirometro	spirometer
esbelto	slender
ourego	oregano
afogar	drown
cichote	squirt
mel	honey
salamantiga	salamander
infante	infante
desafio	challenge
aluarado	moonlight
morrer	die
lercho	glib
resumo	synopsis
denudar	undress
brimial	osier
balonvolea	volleyball
cisteina	cysteine
agasallo	gift
bestialidade	bestiality
ocarina	ocarina
exhalacion	exhalation
bulgara	bulgarian
apocalipse	apocalypse
mellorar	improve
existir	exist
afufar	escape
liturxia	liturgy
texto	text
nariz	nose
moradia	dwelling
impulsar	boost
ambicioso	ambitious
ribeira	riverbank
brochar	bud
senradela	radish
faquitro	nag
apostrofo	apostrophe
depenicar	pluck
cunar	coin
polvorin	magazine
merdento	skua
michazo	scar
salmon	salmon
paradoxo	paradox
legalizar	legalise
coqueteria	coquetry
tailandia	thailand
esaxerado	exaggerated
texano	texan
triunfal	triumphal
asumir	assume
arsenal	arsenal
ignorante	ignorant
tenro	endearing
controlar	control
redondo	round
infidelidade	infidelity
raiz	root
polca	polka
mesianismo	messianic
lisonjeiro	complimentary
cheirar	smell
mesotorax	mesothorax
trogalleiro	osier
rosado	pink
invidente	blind
profesion	profession
tirizo	stye
frade	friar
crecer	grow
cupido	cupid
refuxir	duck
muitas	many
grouno	stone
relaxar	relax
galaxia	galaxy
neurite	neuritis
cabaleira	knight
terbio	terbium
toga	toga
cation	cation
visibilidade	visibility
cambota	hood
normalmente	regularly
barnabeu	barnabas
intestino	intestine
prema	compulsion
instalacion	installation
mozos	youth
vidro	glass
fedume	reek
obstaculizar	encumber
tosquiar	shear
tetano	tetanus
escultura	sculpture
trimestre	trimester
gamon	asphodel
aligacha	slug
armeiro	gunsmith
folerpa	snowflake
quiromantico	chiromancer
vaidoso	vain
inexpugnabel	inexpugnable
troo	thunder
chinchilla	chinchilla
remendo	patch
esencia	essence
derrocar	overthrow
guichar	lurk
fidxiano	fijian
rotacion	rotation
sentarse	sit
anchoa	anchovy
bezo	bait
meteoroloxia	meteorology
secular	secular
trance	trance
menstrual	menstrual
loanza	praise
conca	cup
mandolina	mandolin
folga	strike
baneira	bathtub
xeomancia	geomancy
cosplay	cosplay
adversario	adversary
vibratorio	vibratory
liste	stone
boneco	doll
badar	spoil
neutron	neutron
biorto	broom
inconcluso	unfinished
frieira	cold
obscenidade	obscenity
indolente	callous
gomar	bud
andorina	swallow
rustrir	saute
conxelado	frozen
mensaxe	message
estereotipo	stereotype
fornecer	supply
vison	mink
adaptable	adaptable
fin	end
designar	designate
liberalismo	liberalism
beis	beige
delicioso	delicious
xaman	shaman
mirra	myrrh
interprete	interpreter
subornar	bribe
checheno	chechen
fumeira	chimney
estroncio	strontium
delfin	delphinus
xota	barb
fomentacion	fomentation
reunion	reunion
luffa	loofah
piston	piston
crisalida	chrysalis
misandria	misandry
respiratorio	respiratory
mediodia	noon
xenon	xenon
zudre	garbage
mainel	mullion
piorno	broom
lunacion	lunation
loxicamente	logically
maionesa	mayonnaise
bosco	woodland
cabaceira	pumpkin
condado	shire
clonar	clone
arna	bark
persiana	blind
grafinar	scratch
cadira	pot
muitos	many
rexencia	regency
burdallo	brothel
avoa	grandmother
alacridade	alacrity
ancorar	moor
extremo	extreme
porquino	piglet
abeto	fir
hectogramo	hectogram
bean	hill
engouxar	spoil
republica	republic
pieitar	comb
dirixir	direct
habitat	habitat
distinguir	distinguish
listado	skipjack
influidor	influencer
boxe	belly
alzadeira	shelf
diga	hello
piouco	chick
cabaleiro	knight
hebreo	hebrew
oscilar	oscillate
barruzar	drizzle
reixa	grating
sur	south
galdrapeiro	tattered
hidra	hydra
accesorio	accessory
porlon	hinge
leucismo	leucism
becerro	calf
avogado	lawyer
santidade	sainthood
teuton	teutonic
chanca	clog
colleita	harvest
liberal	liberal
barruza	drizzle
corgo	marsh
irman	brother
cafeteria	cafe
honesto	honest
riori	finch
chupar	suck
cuxo	calf
reloxeiro	watchmaker
acaescer	happen
metabolito	metabolite
saturno	saturn
lambefoula	stingy
noroeste	northwest
desarmamento	disarmament
indiana	indiana
herpetoloxia	herpetology
asano	anger
mirrar	wither
intelectual	intellectual
tarouxolo	hill
canso	tired
vigorexia	bigorexia
termosfera	thermosphere
alimentar	feed
bufedal	marsh
sobresair	protrude
opcion	option
roi	roderick
florista	florist
balconismo	balconing
rematar	close
rapante	whiff
andromenas	shenanigans
decaloxia	decalogy
artico	arctic
caronte	charon
xilofonista	xylophonist
inglaterra	england
obviamente	obviously
agaitar	lurk
telugua	telugu
moderno	modern
xeofisica	geophysics
tetraloxia	tetralogy
singueiro	duck
gorita	box
material	material
fenomeno	phenomenon
lixeiro	quick
vougo	fallow
pasteleria	sweetshop
australia	australia
escochar	lie
anaerobiose	anaerobiosis
declinacion	declension
pataca	potato
explicacion	explanation
superficial	shallow
rele	relay
mazarico	curlew
rabunarse	scrape
pedro	peter
decalitro	decalitre
socioloxia	sociology
audaz	audacious
usurpar	usurp
tatuaxe	tattoo
pracenteiro	pleasant
manchea	handful
albenda	comfort
cartografo	cartographer
envexoso	envious
romo	dull
unxir	anoint
saestra	left
maratoniano	marathoner
periodo	period
simple	simple
ambulancia	ambulance
lucidamente	lucidly
terzo	third
circunflexo	circumflex
milgrandeira	pomegranate
panca	lever
charouvia	parsnip
marzal	march
xeneralizar	generalize
lorda	garbage
lanzachamas	flamethrower
estalido	click
restrinxir	restrict
volvoreta	butterfly
chacal	jackal
guiar	guide
democracia	democracy
golga	gorge
fusta	fust
acidimetro	acidimeter
tapon	bung
usufruto	usufruct
opor	oppose
iraq	iraq
erre	ar
brado	uproar
estornino	starling
apio	celery
spanglish	spanglish
hondureno	honduran
proverbio	proverb
sevillana	sevillian
citoplasma	cytoplasm
tarantula	tarantula
pintarroxo	linnet
neutrino	neutrino
preferencia	preference
combinatoria	combinatorics
crente	believer
agrear	spoil
anosmico	anosmic
escocia	scotland
hungara	hungarian
lampada	lamp
inocencia	innocence
xoanina	ladybird
fantoche	boastful
biblioteca	library
isotopo	isotope
farinxe	pharynx
argan	bag
vexiga	bladder
xunto	together
formiga	ant
vrau	summer
evento	event
turibulo	censer
quebrabel	breakable
hokkaido	hokkaido
nynorsk	nynorsk
gramo	gram
faraon	pharaoh
apagabel	extinguishable
sismico	seismic
silva	blackberry
nazaret	nazareth
paulo	paul
eslovaquia	slovakia
ficcion	fiction
toba	clay
difamatorio	defamatory
xenio	genius
colar	necklace
carballo	oak
bruxa	witch
individual	individual
pintura	paint
sintetizar	synthesize
piedade	pity
bravura	bravery
ciclo	cycle
colorado	colorado
alento	breath
casiopea	cassiopeia
confiscar	confiscate
marcado	marked
suahili	swahili
treonina	threonine
concerto	concert
bezoar	stone
progresismo	progressivism
triunfadora	winner
limacha	slug
trullo	track
magoado	hurt
quebrado	broken
pesadelo	nightmare
televoto	televoting
ser	be
pelica	sheepskin
musgano	shrew
adamantium	adamant
pieite	comb
crucifixion	crucifixion
balsa	waterhole
ateniense	athenian
fragrante	fragrant
sufrimento	suffering
gralle	rook
coreano	korean
celestial	celestial
marineira	seaman
patriarca	patriarch
cancer	cancer
cuada	pratfall
xeroglifo	hieroglyph
pintar	paint
chequia	czechia
correctivo	corrective
afeminado	effeminate
castrar	steer
ducado	duchy
escoura	slag
detective	detective
molecular	molecular
preservativa	preservative
isabel	elizabeth
bosta	dung
aborrecer	annoy
preste	priest
transaccion	transaction
cazurro	stubborn
araneira	spiderweb
pinicar	drizzle
abstraccion	abstraction
zombi	zombie
publicable	publishable
chover	rain
arnelo	thrush
branxeiro	track
hemorroide	hemorrhoid
magacia	sorcery
purgatorio	purgatory
mediterraneo	mediterranean
predominante	predominant
rima	rhyme
aesir	aesir
recente	recent
mexillon	mussel
melaza	molasses
saimento	pomp
deformar	distort
almorra	hemorrhoid
castana	chestnut
cosmede	cosmas
xenital	genital
navio	vessel
bendicir	bless
vaticano	vatican
soprar	blow
louban	snail
volver	return
cemiterio	graveyard
prevalente	prevalent
teixoeira	yew
escambar	change
caderno	notebook
poalla	drizzle
guindareza	hawser
algo	something
felicidade	happiness
molaridade	molarity
fermentacion	fermentation
barrionda	sow
sandia	watermelon
animal	animal
celtista	celtist
adquisicion	purchase
previo	previous
ilusorio	illusory
circadiano	circadian
faceiroa	pillow
contusion	contusion
xeoloxico	geologic
influidora	influencer
topografia	topography
escufina	rasp
unha	an
lavanderia	launderette
inversion	investment
retirar	withdraw
prateleira	shelf
liquido	liquid
guindar	sling
aventura	adventure
amolegadura	dent
usurpador	usurper
esvaecer	faint
bielorrusia	belarus
derrota	defeat
man	hand
mornear	bother
peldracha	wattle
causela	casket
tumulto	tumult
zampallon	tattered
cebola	onion
borba	slime
informar	report
enfadarse	anger
tableiro	checkerboard
xupiter	jupiter
case	almost
renacemento	renaissance
pelandran	tattered
pixama	pajamas
divorciar	divorce
calaceiro	idle
tecnoloxia	technology
mandarria	sledgehammer
polgar	thumb
amallo	shoelace
dinamarquesa	dane
berenxena	eggplant
frenoloxico	phrenological
picaza	magpie
entrefollo	omasum
elevacion	elevation
nalgures	somewhere
videocamara	camera
chiapas	chiapas
singapur	singapore
autor	author
maria	mary
suricato	meerkat
resma	ream
refuxiada	refugee
viscosimetro	viscometer
furabolos	forefinger
merar	drizzle
eurodeputada	mep
estrinque	rope
participio	participle
esferico	spherical
parva	halfwit
templo	temple
febreiro	february
turbina	turbine
melodico	melodic
fibroso	fibrous
choro	cry
emirato	emirate
atrevido	sassy
lanzar	throw
monitor	monitor
neptuno	neptune
perico	pea
compactar	compact
salsa	sauce
hidrosfera	hydrosphere
colombiano	colombian
taller	shopfloor
parche	patch
roupa	clothing
magoia	stone
nata	cream
zoroastrismo	zoroastrianism
lyon	lyons
mullereiro	hound
penso	feed
tranza	plait
zonca	dzongkha
calzas	pants
adultero	adulterer
arreuto	rapture
quizais	perhaps
lituania	lithuania
chafandin	scarf
complexidade	complexity
enfermeiro	nurse
salado	salty
xenitivo	genitive
resume	brief
asmatico	asthmatic
rinchon	mackerel
alxaba	quiver
clara	clara
crua	raw
correxir	correct
teclado	keyboard
trolla	marsh
enton	so
medicamento	medicine
cerio	cerium
apriorismo	apriorism
quincallada	haberdashery
siberia	siberia
imitacion	imitation
nespreiro	vespiary
citrico	citric
anton	anthony
xerminal	germinal
salmo	psalm
guizo	twig
doido	sanctimonious
primixeneo	primeval
catecismo	catechism
insuficiente	insufficient
solinadeira	hammer
xemola	pennant
xeriatra	geriatrician
instaladora	installer
serie	series
negror	darkness
acromegalia	acromegaly
pragmatico	pragmatic
triscar	bite
paciencia	patience
tripadura	track
ong	ngo
psiquiatria	psychiatry
meixon	elver
prehistoria	prehistory
fractura	fracture
urografia	urography
psicodelico	psychedelic
terminal	terminal
outrora	once
xogara	pebble
tranqueiro	peg
financiar	finance
chosco	myopic
bienio	biennium
almecega	mastic
macabro	grisly
miolo	crumb
xamanismo	shamanism
tapiceria	upholstery
fomentar	further
belmopan	belmopan
natureza	nature
elemento	element
cegueira	blindness
prensar	press
farina	flour
acustica	acoustics
meleda	blossom
coliflor	cauliflower
bisexual	bisexual
panqueique	pancake
donatismo	donatism
malvela	ivy
faisan	pheasant
gargantoice	gluttony
mediador	mediator
centilitro	centilitre
hipnose	hypnosis
foca	seal
pera	pear
camara	camera
lugo	lugo
mendiga	beggar
carreta	dray
manta	blanket
acronimo	acronym
xilografia	xylograph
cibo	food
agruneiro	blackthorn
servo	vassal
budista	buddhist
modernista	modernist
octaloxia	octalogy
cincuenta	fifty
diocese	diocese
capar	steer
figura	figure
parrumeira	chimney
souria	south
bractea	bract
nivelado	level
estandarte	standard
buxa	hub
granitico	granitic
lenda	legend
carraxe	anger
extra	extra
botsuana	botswana
mecanizar	mechanize
miose	miosis
chuzar	poke
grego	greek
cefalofo	duiker
escolla	selection
guadalaxara	guadalajara
arquitectura	architecture
carpinteiro	carpenter
landra	acorn
tinta	ink
vaca	cow
candea	candle
unanimemente	unanimously
irlandes	irish
khmer	khmer
tascon	scutch
festividade	festivity
enselar	saddle
rupia	rupee
saudos	regards
cardamomo	cardamom
cinza	ash
sangrar	bleed
chegar	arrive
concentrado	concentrated
refuxoiro	harbor
gotronada	sweets
ameiroar	spoil
coandro	coriander
incalculable	incalculable
froita	fruit
polaco	polish
samoxiciano	samogitian
eurocopa	euros
ourense	ourense
xiringar	squirt
escolma	selection
poetisa	poetess
quilojoule	kilojoule
canoa	canoe
diesel	diesel
veranear	summer
samo	sapwood
ignacio	ignatius
distribucion	distribution
porcallada	garbage
biografo	biographer
consigna	consignment
vilancico	villancico
ecuatoriano	ecuadorian
fundador	founder
fortemente	strongly
bizantino	byzantine
mobilidade	mobility
escalador	climber
ateismo	atheism
loito	mourning
rabo	tail
ababoro	drone
internista	internist
secreto	secret
afondear	sling
diplomacia	diplomacy
exexese	exegesis
organizado	organized
axioma	axiom
chocolateiro	chocolatier
uracilo	uracil
teso	stiff
celia	celia
circo	circus
escudeiro	squire
pobre	poor
hipostase	hypostasis
volante	ruffle
checa	czech
nudista	nudist
carnocho	ram
motela	bag
enerxico	energetic
diariamente	daily
cenrada	lye
practico	practical
comino	cumin
bagaxa	slag
dativo	dative
lamber	lick
ardura	anxiety
reservado	snug
tereixa	teresa
brazo	arm
deica	in
gardarroupa	wardrobe
sorriso	smile
arriba	up
valentina	valentina
innegable	undeniable
fradar	mow
excavador	excavator
mnemotecnico	mnemonic
seco	dry
loxion	logion
linguista	linguist
azteca	aztec
caixada	box
abanico	fan
calandrario	calendar
aparafusar	bolt
orixinal	original
rincho	neigh
cromatoforo	chromatophore
alfarroba	carob
vasa	slime
bagaxe	luggage
amendoeira	almond
auscultacion	auscultation
mostra	swatch
dez	ten
paifoco	boor
xainismo	jainism
axeonllarse	knee
levante	levant
fechadura	lock
discipulo	disciple
albela	kite
viaxar	travel
protomartir	protomartyr
aspide	adder
accra	accra
impreinar	steep
pegar	smite
solido	solid
asexual	asexual
ofrecemento	offering
maquillaxe	makeup
substantivo	noun
escultora	sculptress
balloca	oats
calorimetro	calorimeter
brincar	leap
ideal	ideal
misuri	missouri
tomate	tomato
lareto	glib
rexistro	register
neoloxismo	neologism
humor	mood
homofobia	homophobia
fruxivoro	frugivore
provocar	arouse
inventario	inventory
barqueta	box
aleive	traitor
xenetica	genetics
amolar	bother
andaxe	epidemic
robot	robot
absorbente	absorbent
empeorar	worsen
favo	honeycomb
bruxeiria	sorcery
antartico	antarctic
cadeado	padlock
paronimo	paronym
cataplasma	poultice
pescozo	neck
vea	reef
maquinista	engineer
gobernador	governor
hydra	hydra
penacha	vixen
vincallo	strap
rescate	rescue
vichelocrego	oriole
sabedeiro	delicious
ointe	listener
concordancia	agreement
agrisado	grayish
afganistan	afghanistan
aplacar	tackle
tripode	tripod
matarutaxe	stuff
perola	pot
taro	sandbank
maratoniana	marathoner
marxista	marxist
entranas	entrails
decenio	decade
gorgueira	ruff
pneumatica	pneumatic
inmediato	immediate
devastar	devastate
iluminacion	illumination
brancor	whiteness
deservar	hide
guia	guide
amargo	bitter
humanismo	humanism
branco	white
incenso	incense
cricket	cricket
pexegueiro	peach
crocar	dent
denotar	denote
detrimento	detriment
espeitar	attend
chapacunar	pebble
valentemente	valiantly
expreso	express
altiveza	swagger
artemisa	artemis
caligrafo	calligrapher
reiquiavik	reykjavik
xesta	broom
atordoar	astonish
xebre	seaweed
navarra	navarre
incensario	censer
conquista	conquest
percebe	barnacle
vello	old
antigo	ancient
chisco	sip
pornografa	pornographer
angola	angola
alucinacion	hallucination
landa	acorn
necrocracia	necrocracy
osco	oscan
roer	gnaw
amago	sapwood
moitas	many
escavar	dig
ningures	nowhere
parar	stop
gabon	gabon
utensilio	utensil
mazadura	bruise
ourizo	hedgehog
xove	young
galloupa	branch
chamuscar	singe
conecible	knowable
astrofisica	astrophysics
terceira	third
vivir	live
cairo	tusk
traducion	translation
profundo	deep
abelleiro	beekeeper
avermellado	reddish
posicion	position
insulina	insulin
punibel	punishable
vishnu	vishnu
cidada	citizen
apatia	apathy
gafeira	fog
xemoloxia	gemology
eduvixes	hedwig
victorioso	victorious
traveseiro	pillow
triangulo	triangle
chambar	change
acolledor	welcoming
intelixibel	intelligible
enerxetico	energetic
piollo	louse
troque	stone
raspunarse	scrape
santuario	sanctuary
arbitrario	arbitrary
anal	anal
gonzo	hinge
calmante	soothing
budion	wrasse
bramal	brush
xaramago	radish
ofegar	gasp
grolar	lie
acinesia	akinesia
adicional	additional
ultrason	ultrasound
coriscar	hail
lexico	lexicon
salinidade	salinity
enderezo	address
ouga	seaweed
escenario	scenario
entre	between
francio	francium
brasileira	brazilian
udometro	pluviometer
trevos	clubs
usucapion	usucaption
conforto	comfort
libreria	bookshop
popa	stern
caguna	stone
americana	american
xuramento	oath
nectario	nectary
musca	spark
disciplina	discipline
tratamento	treatment
vedramo	woodland
debuxo	drawing
braseiro	brazier
viena	vienna
orquestra	orchestra
xisto	schist
adivinacion	divination
eiva	flaw
breixo	heather
esmirna	izmir
ligur	ligurian
vanadinita	vanadinite
triclinico	triclinic
atleta	athlete
moble	furniture
falsidade	falsehood
fargallo	snowflake
golfista	golfer
referendo	referendum
afillado	godson
lista	list
timbre	doorbell
austriaca	austrian
avelaina	butterfly
honolulu	honolulu
esca	tinder
libelula	dragonfly
gasto	dung
manipulabel	manipulatable
fidelidade	fidelity
baronia	barony
realista	realistic
mollon	cairn
votante	voter
acoubar	hide
bioxeografia	biogeography
badaxoz	badajoz
compra	purchase
fernan	ferdinand
predador	predator
burlon	derisive
hidroxeno	hydrogen
tribulacion	tribulation
abeazon	vixen
xosefina	josephine
especificar	specify
humedecer	dabble
xungla	jungle
brazalete	bracelet
esperanza	hope
aprouver	spoil
pudin	pudding
cursiva	italic
pasaxeiro	passenger
bohrio	bohrium
fogaza	loaf
explorador	explorer
africa	africa
tarapuxo	fray
caoticamente	chaotically
devanagari	devanagari
izar	hoist
danar	damage
cuspir	spit
cartomancia	cartomancy
danzarin	dancer
seran	evening
moises	moses
filla	daughter
ritmo	rhythm
maioria	majority
representar	represent
occitano	occitan
vicuna	vicuna
subordinado	inferior
tendal	clothesline
pasadio	quick
leiteiro	milkman
teudo	ginger
copiar	copy
parasito	parasite
oregon	oregon
cruz	cross
gholfe	seaweed
almece	whey
monocameral	unicameral
brouca	nape
guitarrista	guitarist
apostrofe	apostrophe
ampere	ampere
sintoma	symptom
razoamento	reasoning
discutir	discuss
combate	combat
couso	thingy
comungar	communicate
tanxer	complain
esbochar	bud
paranoia	paranoia
orfandade	orphanhood
orgastica	orgasmic
salmoira	brine
banderilla	banderilla
gola	gorge
lombeiro	hill
lacio	lazio
embarcar	embark
posibel	possible
lana	rogue
permeable	permeable
entretecer	entwine
irrealista	unrealistic
cerquino	oak
poulareda	crowd
brocho	bud
sua	their
tralla	line
bambu	bamboo
outro	other
franciscano	franciscan
campus	campus
tredo	traitor
neurologo	neurologist
medida	measure
cognado	cognate
tatuar	tattoo
khan	khan
enfunilar	funnel
traspor	transpose
corrosion	corrosion
arizona	arizona
alado	winged
rabecha	tantrum
fato	group
arrevasado	odd
costela	rib
galloufar	beg
malgaxe	malagasy
nostalxico	nostalgic
meiose	meiosis
arduo	steep
estrinxir	constipate
petrucio	paterfamilias
ceibo	free
marcial	martial
litosfera	lithosphere
consoante	consonant
noite	night
veronica	veronica
anteollos	spectacles
flexible	flexible
platino	platinum
sorpresa	surprise
xaquin	joachim
actinometro	actinometer
cornacha	snail
legume	legume
sospirar	gasp
andarengo	quick
larpeirada	sweets
moteiro	biker
xenuino	genuine
newton	newton
coiro	leather
baldroada	garbage
perfeba	eyelash
vibrador	vibrator
interesante	interesting
caridade	charity
cabezal	pillow
estela	stella
refugar	discard
linguistica	linguistics
islamico	islamic
monoteismo	monotheism
abelleira	beekeeper
ransono	traitor
nespra	wasp
promover	promote
chapeu	hat
cascarolo	snail
scam	scam
acha	billet
alfaiate	tailor
florentino	florentine
inesgotable	inexhaustible
arxinina	arginine
fitofago	phytophagous
legal	legal
sintactico	syntactic
petulancia	swagger
zarronco	ghost
liberdade	freedom
crear	create
frederico	frederick
estame	stamen
washington	washington
blog	blog
obrigacion	obligation
flanela	flannel
paso	step
mediocre	mediocre
ladron	thief
preparacion	preparation
paseo	walkway
trabar	bite
carruxo	lamb
atomo	atom
cateto	cathetus
agulleta	aiglet
superventas	bestseller
soberbia	swagger
bago	comfort
devorar	inhale
vacilacion	hesitation
serda	silk
natalidade	natality
reisenor	nightingale
analogo	analogous
inelegante	inelegant
hercegovino	herzegovinian
esvaer	faint
silicio	silicon
gavela	tuft
topar	find
eucaristia	eucharist
castanolas	castanet
tampere	tampere
duro	stony
caluga	nape
culombio	coulomb
decigramo	decigram
dificultade	difficulty
patochada	nonsense
arnada	nonsense
afar	afar
galdrido	cunning
probable	probable
herdado	inherited
iran	iran
regar	water
albania	albania
alimentador	nutritious
clan	clan
advocaat	advocaat
selenio	selenium
furunculo	boil
decidir	decide
esquila	shrimp
acender	light
entretemento	entertainment
vatio	watt
relixiosa	religious
esoterismo	esoterism
melco	pig
sangual	cunning
ton	tone
touzar	bark
simplificar	simplify
desetiquetar	untag
igualar	equalize
toquiota	tokyoite
acueduto	aqueduct
brusa	brush
afecto	affection
bambara	bambara
recibir	receive
miserabel	miserable
inhospito	inhospitable
vigorexico	bigorexic
conorto	comfort
forestal	woodland
seda	silk
fase	stage
estentoreo	stentorian
cen	hundred
formigo	paresthesia
poitin	poteen
rancio	rank
bichuchio	drizzle
espectaculo	spectacle
arcanxo	archangel
arquitecta	architect
museo	museum
estratexia	strategy
rendible	profitable
escumallo	slag
disimetria	asymmetry
engrido	slope
luciano	lucian
neixente	lamb
sorbete	sherbet
animacion	animation
incomparable	uncomparable
coloquial	colloquial
terrorismo	terrorism
garaullar	hail
enzima	enzyme
licantropo	werewolf
querquenarse	duck
abeiro	harbor
empenougado	steep
esperanto	esperanto
fuselaxe	fuselage
onix	onyx
risa	laugh
innavegabel	unnavigable
nadadora	bather
autentico	authentic
criovolcan	cryovolcano
peso	weight
grouna	stone
recitar	say
cagarron	jail
leira	field
mosteiro	monastery
sacrilexio	sacrilege
clementina	clementine
informatica	computing
cousas	stuff
mesidor	messidor
ileismo	illeism
berkelio	berkelium
filipinas	philippines
zamanco	clog
adolescencia	adolescence
bioloxico	biological
coroar	king
chepa	hunch
norrada	nonsense
feldrello	wattle
tamano	size
pombo	dove
alegoria	allegory
ingre	anvil
abotoar	button
olivina	olivine
mineria	mining
preferido	favorite
literatura	literature
circulo	circle
xurar	swear
boson	boson
poema	poem
baloco	snowflake
fochicar	poke
pampo	pompano
ferruxento	rusty
seman	week
onda	wave
fluir	flow
desenar	plan
raxeira	sunshine
aleta	fin
syracuse	syracuse
saudade	longing
informacion	information
desexosa	desirous
serbio	serbian
diferente	different
lino	flax
innegabel	undeniable
civilizacion	civilization
carbon	coal
gracinas	thanks
leste	east
picaporte	doorknocker
duiquero	duiker
minato	buzzard
diamante	diamond
cosmos	cosmos
francisco	francis
interaccion	interaction
sardina	sardine
fruncho	fennel
mintir	lie
baldroca	racket
xurista	jurist
postal	postcard
gramalleira	trammel
cachola	head
sabedoria	wisdom
tzotzil	tzotzil
piano	piano
akan	akan
aplauso	applause
pendulo	pendulum
chifron	whey
dalmacia	dalmatia
touticeira	hill
empillar	stack
termostato	thermostat
mesianico	messianic
asirio	assyrian
celote	zealot
agresivo	aggressive
debil	weak
dubida	doubt
celoso	zealous
ridiculo	ludicrous
bota	boot
docemente	sweet
ibono	dung
capitulo	chapter
distraido	heedless
estrear	debut
guerrilla	guerrilla
teimosia	obstinacy
granular	granulate
unicornio	unicorn
invalido	invalid
pradaria	prairie
cullerina	teaspoon
xerico	jericho
zalapastran	tattered
tuberculose	tuberculosis
orzamento	budget
electorado	electorate
ascender	ascend
degorar	crave
plancto	plankton
densimetro	densitometer
migratorio	migratory
valgada	ravine
esmozar	mow
arabigo	arabic
morder	bite
hexagono	hexagon
boke	bokeh
sesamo	sesame
fiuncho	fennel
ruar	gallivant
indefenso	defenseless
ascension	ascension
broa	bread
xenetico	genetic
soarego	doorstep
adimensional	adimensional
byte	byte
damas	draughts
xuiz	judge
insaciable	insatiable
chirimoio	cherimoya
somana	week
sangue	blood
insonorizado	soundproof
queimadura	burn
encartar	fold
berilo	beryl
caranguexo	crab
bestello	nag
adsl	adsl
queixume	whisper
trato	dealings
gurrufeiro	pony
apicultora	beekeeper
realizacion	achievement
flamula	pennant
valina	valine
picnic	picnic
zapar	bung
menstruar	menstruate
google	google
union	union
albiscar	notice
sustentabel	sustainable
persoa	person
abioxenese	abiogenesis
trillar	thresh
incorrecto	incorrect
inhumacion	inhumation
cantarelo	chanterelle
sexoloxia	sexology
illo	moor
castigar	punish
franquismo	francoism
estivada	swidden
vigorexica	bigorexic
hawaiano	hawaiian
delfico	delphic
mineraloxia	mineralogy
manchar	smirch
clamor	clamor
paleontologo	paleontologist
pentaloxia	pentalogy
ensalada	salad
purista	purist
mastoca	food
aleixo	alexius
xastre	tailor
india	india
anucir	astonish
lanxir	groan
cabalete	easel
laponia	lapland
epicentro	epicentre
inanicion	starvation
pluton	pluto
cachada	swidden
esprito	spirit
hipopotamo	hippopotamus
xusteza	justice
escultural	sculptural
mudanza	removal
canteiro	stonemason
zorra	sledge
axilar	axillary
roberto	robert
mioto	kite
queiro	tusk
gasosa	soda
surfista	surfer
quenzo	wattle
intersexual	intersex
sedimentaria	sedimentary
verdoso	greenish
menstruacion	menstruation
xermano	german
alimenticio	nutritious
criofisica	cryophysics
acceso	access
bavaro	bavarian
endemico	endemic
leriante	glib
carambelo	icicle
prison	prison
bullon	creek
guipuscoa	guipuzcoa
brancura	whiteness
bautizar	baptize
ciano	cyan
abouxar	abound
ergotamina	ergotamine
chipriota	cypriot
ecografia	sonogram
fracasar	fail
fan	fan
canteira	quarry
refogar	saute
aparicion	appearance
calculador	calculator
nugalla	sloth
denosina	weasel
citra	dent
alurpiar	gaze
toalla	towel
monxe	monk
cidra	citron
transplante	transplant
placebo	placebo
turbulencia	turbulence
ciumento	jealous
cadorno	ice
xerarquia	hierarchy
premisa	premise
malva	mallow
deporte	sport
lentixa	freckle
hesbula	hezbollah
paciente	patient
lapar	lap
aburguesarse	bourgeoisify
nihilismo	nihilism
peor	worse
rengo	piglet
bubela	hoopoe
barricada	barricade
moido	ground
borne	brim
quincalla	haberdashery
lexislativo	legislative
mantel	tablecloth
alxebra	algebra
distraer	distract
seita	sect
cogorniza	quail
boxer	boxer
ilimitado	unlimited
ruta	route
laido	moan
acusacion	accusation
benevolente	benevolent
irene	irene
abadesa	abbess
pendello	shed
alxebrico	algebraic
escrita	writing
sabenza	wisdom
poallar	drizzle
quilonewton	kilonewton
competidor	competitor
axeonllar	kneel
romanes	romanian
bulto	ghost
mensualmente	monthly
irrefutabel	irrefutable
felino	feline
efeso	ephesus
avantaxar	advantage
tromba	thunderstorm
diferenza	difference
vulgaridade	vulgarity
psicoloxia	psychology
precioso	precious
irlanda	ireland
clasico	classical
pulso	wrist
iogur	yogurt
espinazo	spine
birmingham	birmingham
colombiana	colombian
reprodutor	reproductive
uruguaio	uruguayan
praseodimio	praseodymium
sulda	landslide
cheiro	smell
churir	flower
decoada	lye
obvio	obvious
centriolo	centriole
uva	grape
hidrolise	hydrolysis
inmigracion	immigration
nano	dwarf
pesugo	cage
fondear	moor
espiritual	spiritual
xigantismo	gigantism
semanal	weekly
bioma	biome
grandemente	greatly
hosanna	hosanna
pinguin	penguin
punazo	punch
capelo	hood
xubilar	retire
enquisa	poll
tratar	deal
hidroloxico	hydrologic
cronometro	stopwatch
sabotaxe	sabotage
literalmente	literally
quilometro	kilometre
alaudo	accolade
taxonomico	taxonomic
simplicidade	simplicity
esbirro	sneeze
xene	gene
pictograma	pictogram
situacion	situation
publicar	publish
programador	programmer
estroban	snail
servente	servant
muro	wall
gandaina	snail
engulir	gulp
akawaio	akawaio
bautismal	baptismal
ambar	amber
tesouraria	treasury
transplantar	transplant
eclipsar	eclipse
crochel	tower
inmerso	immersed
linoleo	linoleum
arandela	grommet
poxa	auction
ele	el
bicar	kiss
planicie	plain
edificio	building
penelo	hill
motivo	motif
fraudulento	fraudulent
atallo	shortcut
produtivo	productive
foz	mouth
xemini	gemini
capitanear	captain
elevado	high
tifico	typhous
cadullo	rim
atranco	trammel
escrarexar	dawn
gas	gas
interxeccion	interjection
sabio	wise
casina	box
cirrio	swift
tropopausa	tropopause
adolfo	adolph
incomestible	inedible
romaria	pilgrimage
traslado	transfer
suizo	swiss
granada	pomegranate
equina	horse
quilo	kilo
papoia	loon
escana	fishbone
baneiro	box
cangrexo	crab
alfabega	basil
metalico	metallic
rebullon	heap
aveluria	daffodil
salvo	safe
branego	highlander
durar	endure
darwinista	darwinian
lueiro	moonlight
fomento	fomentation
banda	band
oralidade	orality
exiptoloxia	egyptology
promesa	promise
teratoloxia	teratology
ferreiro	smith
cainzo	wattle
funir	scratch
xustamente	justly
usado	worn
peado	steep
musculo	muscle
comprable	buyable
mamut	mammoth
befre	beaver
credo	creed
anquidar	gasp
derrotismo	defeatism
alabama	alabama
berta	bertha
zante	zakynthos
linguaxe	language
eideiro	duck
conciencia	conscience
perla	pearl
henrique	henry
arabico	arabic
institucion	institution
reumatismo	rheumatism
arrefriado	cold
selandia	zealand
obrigar	force
chicharo	pea
papamerda	skua
outra	other
porcallon	pig
beneficencia	welfare
fananco	brush
budismo	buddhism
pelaxe	fur
pequeneiro	smallish
canga	yoke
bolxevismo	bolshevism
axilidade	agility
chimpance	chimpanzee
logaritmo	logarithm
bolxevique	bolshevik
escaleiras	stairway
merengue	meringue
bulicio	hustle
propagacion	propagation
ursoa	pot
incisivo	incisor
bullaco	gall
confeitaria	confectionery
gastrico	gastric
perixeo	perigee
sanicouco	dwarf
trillon	quintillion
panadeiro	baker
parana	chimney
acepcion	sense
preservar	preserve
militar	military
moega	gizzard
tequila	tequila
roubo	heist
legalmente	legally
bielorruso	belarusian
rosear	flower
calvo	bald
tres	three
apiar	stack
favorabel	favourable
lipoide	lipoid
groia	stone
sahara	sahara
turmaline	tourmaline
tarragona	tarragona
revolta	revolt
comparable	comparable
carroucho	track
ceramica	pottery
trefego	cunning
nogueira	walnut
osmotico	osmotic
crebado	broken
ignorancia	ignorance
cartografia	cartography
binguelete	gimlet
ampeo	pant
nocella	oats
sutilmente	subtly
pantano	swamp
causalidade	causality
emocional	emotional
foria	garbage
cailon	shark
enfase	emphasis
xato	calf
cualitativo	qualitative
airoa	eel
craba	crab
calor	heat
agridoce	bittersweet
alcaldesa	mayor
golfino	dolphin
butano	butane
papexon	glib
andel	shelf
bromista	trickster
catarina	catherine
iglu	igloo
ronon	cantankerous
riora	fray
xibraltar	gibraltar
cromo	chromium
mestas	confluence
exhaustivo	exhaustive
frasco	bottle
canfreixo	rowan
glote	glottis
xapon	japan
fisioloxico	physiological
grucia	georgia
felgo	fern
piraguista	canoeist
proteina	protein
femur	thighbone
omaso	omasum
paranoa	shelf
cubrir	bathe
manati	manatee
pechincha	bargain
tablefono	phablet
acupuntura	acupuncture
mensual	monthly
hamster	hamster
rugby	rugby
bilabial	bilabial
baku	baku
entrar	enter
satelite	satellite
zapicada	stuff
inanidade	inanity
heptoloxia	heptalogy
casta	caste
periodistico	journalistic
inclinar	lean
milfollas	yarrow
psicologo	psychologist
alugueiro	rent
azucre	sugar
estevo	stephen
fume	smoke
china	china
cigomatico	zygomatic
imposto	tax
lutecio	lutetium
recoller	gather
baldovino	baldwin
anelido	annelid
rebanda	slice
trinomial	trinomial
celibato	celibacy
feiticeira	witch
diurno	diurnal
protese	prosthesis
farinxite	pharyngitis
cristo	christ
mai	mother
masaxe	massage
meixela	cheek
manuel	emmanuel
sesillo	snail
estourido	burst
repouso	rest
seis	six
cirurxian	surgeon
lumbrigante	lobster
rispar	escape
eurovision	eurovision
dar	give
alterabel	alterable
parvada	triviality
nefrologo	nephrologist
tenia	tapeworm
radego	pebble
portugal	portugal
abusivo	abusive
matalon	nag
traves	email
oura	anger
ideologo	ideologist
chuvioso	rainy
haka	haka
andre	andrew
alistar	list
triloxia	trilogy
laranxeira	orange
lemure	lemur
furacan	hurricane
desaparicion	disappearance
leopoldo	leopold
excrecion	excretion
panaderia	bakery
caminar	walk
tofu	tofu
enganar	deceive
rodriguez	smith
paralelo	parallel
xalce	osier
brocoli	broccoli
mateu	matthew
epilepsia	epilepsy
orgullo	pride
maoismo	maoism
sapale	quagmire
murcia	murcia
mutuo	mutual
sutileza	subtlety
levada	aqueduct
gomelon	hill
diagnose	diagnosis
croar	ribbit
irresistibel	irresistible
xaponesa	japanese
suecia	sweden
berlines	berliner
alfil	bishop
quenllada	ravine
opresion	oppression
zwitterion	zwitterion
psicofisico	psychophysical
estaleiro	shipyard
zeta	zee
fuxida	flight
tellada	tiled
donina	weasel
once	eleven
emocionar	move
paisano	peasant
incognita	unknown
votar	vote
tubo	tube
ferrollo	bolt
libreiro	bookseller
invencion	invention
connotacion	connotation
almoras	haemorrhoids
logro	accomplishment
fraterno	fraternal
cribel	believable
vogar	row
escora	strut
seno	sine
franceses	french
verga	twig
xuntar	join
emprego	employment
suar	sweat
ianqui	yankee
tremoeiro	quagmire
cranio	skull
rebinxe	anger
aviador	aviator
fronda	sling
purismo	purism
sentido	sense
vasco	basque
estudar	study
asistencia	assistance
sobar	grope
obediencia	obedience
sorprendente	surprising
ceilan	ceylon
sintese	synthesis
quecer	heat
altimetro	altimeter
estable	stable
estourea	thunder
transxenera	transgender
ioga	yoga
chama	flame
taxi	taxi
burocracia	bureaucracy
sofraxe	poplit
telurio	tellurium
motor	engine
lais	song
xornalistico	journalistic
xeso	gypsum
rabano	flock
xacome	james
azor	goshawk
supostamente	supposedly
compartir	share
copia	copy
inventariar	inventory
criatura	creature
exipto	egypt
alampar	gorge
polipeptideo	polypeptide
civil	civil
buda	buddha
denso	dense
paduan	boor
setenta	seventy
asociacion	association
chamar	call
zafrar	sling
nixer	niger
alquimia	alchemy
rico	wealthy
infalibel	infallible
domingos	dominic
epifania	epiphany
orxo	barley
lamargueiro	elm
tic	twitch
anormal	abnormal
nubrado	cloudy
anguia	eel
guerra	war
ien	yen
cancro	cancer
tulipan	tulip
esculpir	sculpture
ananismo	dwarfism
movemento	movement
silaba	syllable
corroer	corrode
macaense	macanese
fatima	fatima
misoxino	misogynist
mes	month
ciscallo	garbage
coresma	lent
profesor	professor
sodio	sodium
tonto	silly
tipico	typical
carrana	gound
masaxista	masseur
ictiologo	ichthyologist
azai	acai
minibar	minibar
resistir	withstand
pomelo	pomelo
xerminar	germinate
raquel	rachel
cofia	coif
fenilalanina	phenylalanine
axadrezado	checkered
elas	they
motoa	sheep
resgardado	sheltered
consumo	consumption
solicitar	solicit
anazar	churn
romboedrico	rhombohedral
pedreiro	stonemason
tanxente	tangent
paganismo	paganism
sarca	briar
dama	queen
cerdeira	cherry
mineiro	miner
mentalmente	mentally
bosforo	bosphorus
liverpool	liverpool
moitos	many
grea	crowd
carcere	prison
diploma	diploma
filamento	filament
pousada	inn
vertedoiro	dump
fama	fame
cima	mountaintop
tripofobia	trypophobia
cafarnaun	capernaum
brun	brown
carpinteira	carpenter
electrocutar	electrocute
froallar	drizzle
sevillano	sevillian
millarengo	linnet
para	husk
risada	laugh
achado	find
individuo	individual
forcexo	struggle
bocareu	anchovy
nacional	national
oponer	oppose
reverencia	reverence
euscaro	basque
calo	woodland
prohibir	prohibit
nomear	naming
lidador	toreador
dificil	difficult
cobertoira	lid
mesto	thick
entonarse	lurk
muxir	milk
xoieiro	jeweler
sacarimetro	saccharometer
ameneiro	alder
escocesa	scots
anagota	lamb
milagroso	miraculous
hiena	hyena
poza	puddle
fuso	spindle
empuxar	push
colchon	mattress
duracion	duration
produccion	manufacturing
hipotenusa	hypotenuse
zooloxia	zoology
tasca	scutch
oradora	speaker
rombencefalo	hindbrain
equivalente	equivalent
leonardescos	leonardeschi
cabana	hut
campa	bell
pecar	sin
periferico	peripheral
choiva	rain
muflon	mouflon
unidade	unit
arroxar	spew
grupo	group
espicho	spigot
instalar	install
seguidor	follower
construtor	builder
castrelo	hill
cabeza	head
plumaxe	plumage
amorear	stack
pasividade	passivity
inhalacion	inhalation
sombrio	sombre
atica	attica
bimetalismo	bimetallism
lealmente	loyally
titanio	titanium
choupo	poplar
perineo	perineum
basilisco	basilisk
inxeccion	injection
bahamas	bahamas
anuncio	advertisement
barrigha	belly
clarividente	clairvoyant
cancion	song
moscardo	horsefly
occipital	occipital
ganso	gander
torrencial	torrential
samain	halloween
croio	stone
cerebro	brain
cosmoloxia	cosmology
xuventude	youth
consorte	spouse
boia	buoy
loberno	lynx
peitoril	sill
preso	prisoner
ocultar	occult
falante	speaker
inaplicabel	inapplicable
absorbencia	absorbency
encher	fill
churro	churro
tolemia	madness
estrutura	structure
armanac	armagnac
autofoto	selfie
abela	hazelnut
sor	sister
subgrupo	subgroup
barion	baryon
busaco	kite
esparexer	strew
empregada	employee
traer	bring
algures	somewhere
astronauta	astronaut
nana	lullaby
peixe	fish
apachocarse	duck
rodear	bathe
plantador	dibble
aterrador	frightful
definicion	definition
seu	their
umeiro	elm
pedra	stone
basalto	basalt
noiva	girlfriend
xentualla	riffraff
gante	ghent
escuridade	darkness
manualmente	manually
arado	plough
irlandeses	irish
alveiro	cairn
persistente	persistent
convolvulo	convolvulus
arco	hoop
lagarteiro	kestrel
dubnio	dubnium
pagan	pagan
feroes	faroese
lixa	sandpaper
xemer	groan
cernizo	spine
paxarino	sparrow
hiato	hiatus
remediar	remedy
albanesa	albanian
apengar	fail
malicioso	malicious
ascuma	javelin
inundacion	flood
filme	movie
contestar	answer
esmagallar	steep
alfanumerico	alphanumeric
alfabetico	alphabetical
substancial	substantial
arterial	arterial
cornizo	ergot
madrid	madrid
consciencia	consciousness
paralitico	paralytic
galgar	leap
bermuda	bermuda
confucio	confucius
piemontes	piedmontese
ourelo	rim
fuga	flight
xaspe	jasper
espazo	space
hifa	hypha
garrafa	bottle
laredo	avalanche
agulla	needle
toleria	madness
cetro	sceptre
tesouro	treasure
glasgow	glasgow
batimetrico	bathymetric
astuto	wily
gadunar	scratch
ciclista	cyclist
alcachofa	artichoke
cornan	stubborn
brandan	brendan
beza	carob
solucion	solution
ollodourado	goldeneye
matapiollos	thumb
pombal	dovecote
batalla	battle
urxente	urgent
harmonizar	harmonize
tecnecio	technetium
froito	fruit
trocha	track
glosonimo	glossonym
aeronautica	aeronautics
seculo	century
sarampelo	measles
beiravia	shoulder
candonga	slag
obtuso	obtuse
ciencia	science
electo	elect
xesuita	jesuit
nasal	nasal
ostentacion	ostentation
quiromante	chiromancer
figado	liver
caracol	curl
inmortal	immortal
kentucky	kentucky
rebelion	rising
otite	otitis
xenebrino	genevan
xerezade	scheherazade
rolada	brood
restra	plait
crer	believe
turxescente	turgid
analxesia	analgesia
dineiro	money
australiano	australian
imperfeccion	imperfection
bacterias	bacteria
marmore	marble
pitar	whistle
lagana	gound
israel	israel
orbitar	orbit
azo	stamina
abdicacion	abdication
anime	anime
lagumeira	moor
disprosio	dysprosium
asediar	besiege
veneciana	venetian
polinizar	pollinate
xemelgo	twin
cesio	caesium
torio	thorium
bibimbap	bibimbap
nobre	noble
cesar	caesar
hixiene	hygiene
substituir	substitute
petrificar	petrify
moranza	dwelling
lumia	slag
emplasto	poultice
anomalia	anomaly
detritivoro	detritivore
atano	pot
abaixo	beneath
pensamento	thought
taiga	taiga
danza	dance
sabotar	sabotage
edito	edict
palrar	spoil
precision	accuracy
derrafar	crumble
ponente	west
folion	party
boira	fog
inesperado	unexpected
cornacho	snail
leituga	lettuce
ctonico	chthonic
dia	day
herbaceo	herbaceous
unilingue	monolingual
grazas	thanks
melro	blackbird
carolo	hull
lavego	plough
durmir	sleep
lidia	lydia
botanica	botany
celula	cell
monarquia	monarchy
islamofobia	islamophobia
naturismo	naturism
carapa	hull
leito	bed
dexenerado	degenerate
sal	salt
friaxe	cold
millote	millet
escolmar	select
inmaterial	immaterial
agruno	sloe
queixa	complaint
papel	paper
unicamente	uniquely
rolda	round
pintega	salamander
administrar	administer
martelo	hammer
fento	fern
hibrido	hybrid
xabre	sand
plastico	plastic
delicado	delicate
espurrar	sneeze
aquestar	beg
borborino	whisper
tecnoloxico	technological
misoxina	misogynist
crebar	break
ranaceos	skyscraper
vez	time
fregona	mop
dodecaedro	dodecahedron
istmo	isthmus
pagar	pay
xilberto	gilbert
mesolitico	mesolithic
frivolo	frivolous
veneto	venetian
presentabel	presentable
roedor	rodent
escala	scale
pradairo	maple
litio	lithium
monstruoso	monstrous
decoita	fallow
iberia	iberia
trotskismo	trotskyism
transmision	transmission
femia	female
gado	livestock
nobreza	nobility
esqueleto	skeleton
cuba	cuba
orixinar	originate
humido	humid
implosion	implosion
romeu	rosemary
cumprir	discharge
axudar	help
braveza	bravery
alxibe	reservoir
pelamio	tannery
agrario	agrarian
alcoholismo	alcoholism
gadunarse	scrape
subespecie	subspecies
trafego	uproar
trebon	thunderstorm
gomon	bud
trinta	thirty
campana	campaign
eter	ether
foroncho	quagmire
escarlata	scarlet
cela	cell
blefarite	blepharitis
primavera	spring
convir	suit
embotellar	bottle
galactometro	lactometer
brote	shoot
fraudulencia	fraudulence
evolucion	evolution
presuno	hoof
teoloxia	theology
flogose	phlogosis
sandalia	sandal
galega	galician
xeremias	jeremiah
cepelin	zeppelin
borton	bud
aden	aden
familia	family
desde	since
arpa	harp
xerardo	gerard
golifada	sweets
cuito	dung
cerradura	lock
pasa	raisin
xeringa	syringe
precisamente	precisely
zonido	racket
lider	leader
vaguada	thalweg
meteorito	meteorite
morlana	vixen
grotesco	grotesque
cachazo	nape
son	sound
firmeza	firmness
panorama	outlook
xinebro	juniper
fragrancia	fragrance
rafael	raphael
antimonio	antimony
pedagoxia	pedagogy
data	date
agresion	aggression
triplicacion	triplication
horror	horror
estrania	longing
escumia	exit
moito	much
consumir	consume
alema	german
vandalico	vandalic
dogma	dogma
loderno	mastic
abomaso	abomasum
azote	nitrogen
trigau	finch
peneireiro	kestrel
tarxeta	card
organico	organic
periscopio	periscope
queroseno	kerosene
cocer	cook
noqui	gnocchi
terciario	tertiary
hitita	hittite
remexer	rummage
butan	bhutan
esparto	esparto
garfela	plough
moco	mucus
turquia	turkey
xeoglifo	geoglyph
ornitoloxia	ornithology
palimpsesto	palimpsest
cobizar	covet
xade	jade
abaixarse	duck
horizontal	horizontal
inconcibibel	inconceivable
teixugo	badger
ali	there
derrapar	skid
vrea	track
inmoral	immoral
apremar	compel
posible	possible
secularizar	secularize
bioloxia	biology
oklahoma	oklahoma
calandraxo	almanac
choza	hut
optimista	optimist
chabro	crab
explorar	explore
escano	bench
bandurria	bandurria
glosolalia	glossolalia
catchup	ketchup
perfumista	perfumer
avir	happen
oido	ear
quiobra	adder
refen	hostage
mitotico	mitotic
ferradura	horseshoe
repetir	repeat
rillote	rogue
mulo	mule
epididimo	epididymis
ulrico	ulric
beneficioso	beneficial
incubar	incubate
xeorxia	georgia
fisicalismo	physicalism
soneca	nap
verificar	verify
razoabel	reasonable
vedrano	elder
obreiro	worker
futil	futile
cubo	cube
rotonda	roundabout
nefroloxia	nephrology
vaseira	shelf
tercura	obstinacy
adoracion	worship
decisivo	decisive
sobrecella	eyebrow
quiriarquia	kyriarchy
axuda	help
don	gift
foira	garbage
perrencha	tantrum
principe	prince
diocleciano	diocletian
lacazanear	idle
maximo	maximum
ripar	scrape
ovni	ufo
auditoria	audit
tafo	reek
torboada	thunderstorm
timidez	shyness
expurgar	expurgate
devecer	crave
ergonomia	ergonomics
muller	woman
larapeteiro	glib
vasca	basque
coalla	quail
liscanzo	slowworm
benedito	benedict
vimbieira	osier
autista	autistic
caraveleira	carnation
macron	macron
literario	literary
sinestesia	synaesthesia
vexigas	smallpox
doira	creek
ducia	dozen
futilidade	futility
domino	domino
irma	sister
rocho	attic
endometriose	endometriosis
baixar	download
primordial	primordial
simetrico	symmetrical
cedo	early
prenazo	pregnancy
pantalon	pants
berberecho	cockle
cristia	christian
tailandes	thai
grella	grill
eremita	hermit
honra	honor
aristocrata	aristocrat
morfema	morpheme
desatento	heedless
falcatrueiro	rogue
consolo	comfort
dinamismo	dynamism
noruegues	norwegian
palabra	word
aragon	aragon
desbaldidor	spendthrift
frauta	flute
bixkek	bishkek
anis	anise
xustapor	juxtapose
creativo	creative
miliampere	milliampere
evisceracion	evisceration
pular	leap
boscoso	wooded
vertebra	vertebra
fanigoto	sinkhole
indirecto	indirect
nucleo	nucleus
evanxeo	gospel
crisalide	chrysalis
cofar	scratch
taxiquistan	tajikistan
ugandesa	ugandan
imaxinativo	imaginative
zarapelo	glib
asturiana	asturian
vestibulo	vestibule
iridio	iridium
dinamita	dynamite
nos	we
bangladesi	bangladeshi
escola	school
xistron	cunning
medula	marrow
xaponofilo	japanophile
montanismo	mountaineering
cru	raw
xudicial	judicial
varenga	bilge
sabela	elizabeth
receita	recipe
niobio	niobium
iman	magnet
desobediente	disobedient
fisica	physics
breiga	fray
estratexico	strategic
viril	virile
delicadeza	delicacy
xenealoxia	genealogy
visitar	call
cegar	blind
raer	mow
etiquetado	labeling
colmar	thatch
derradeiro	last
acervo	heap
angazar	rake
amorogo	strawberry
cecidio	gall
muchar	wither
motoserra	chainsaw
obnoxio	obnoxious
travon	lever
afinar	tune
superheroe	superhero
vedron	woodland
xordania	jordan
cristovo	christopher
honor	honor
lacada	pothole
cadeixa	maggot
vagabundo	wandering
privatizar	privatize
encantamento	enchantment
xinecologo	gynaecologist
violoncello	cello
ladrillo	brick
pastinaca	parsnip
novas	news
caudalimetro	flowmeter
ponla	branch
dominacion	domination
xetra	uproar
petroglifo	petroglyph
bullote	chestnut
accesible	accessible
engurbinarse	duck
perfumeria	perfumery
semicirculo	semicircle
amorodeira	strawberry
estrato	stratum
lobishome	werewolf
galfarro	idle
manequin	mannequin
pugnaz	pugnacious
zona	zone
xuvenil	youthful
chochear	fond
ducha	shower
baloncesto	basketball
prezo	price
fosforo	phosphorus
milagre	miracle
ordenar	tidy
especie	species
fiabel	reliable
dardo	dart
factura	invoice
sorprender	surprise
dinosauro	dinosaur
arana	spider
vento	wind
parentesco	relationship
politica	politics
cisterna	reservoir
vinagre	vinegar
riso	laugh
lombriga	earthworm
abandono	abandonment
dixerir	digest
erguio	erg
troulear	frolic
caravel	carnation
anion	anion
calcinacion	calcination
xeracion	generation
desmobilizar	demobilize
vascallo	tattered
sobrenatural	supernatural
superlua	supermoon
esfinxe	sphinx
incoherente	incoherent
barroufeiro	pony
taleiga	bag
mostrar	show
desavieso	bizarre
malevolo	malevolent
noca	nostril
sarabiar	hail
macela	camomile
adoutrinar	indoctrinate
necesario	necessary
floreiro	vase
deslealdade	disloyalty
perexil	parsley
garza	heron
polonia	poland
deshabitado	uninhabited
lantano	lanthanum
hidrarxirio	mercury
zafiro	sapphire
limpador	cleaner
mea	skein
entusiasmo	zest
muracan	landslide
berilio	beryllium
afrodita	aphrodite
mufedo	brush
teima	obstinacy
canadense	canadian
romanesa	romanian
cerceno	drizzle
hominido	hominid
pentear	comb
mercenario	mercenary
crebadura	break
renda	rein
enfastiar	annoy
negocio	business
ninada	brood
valquiria	valkyrie
xentilicio	demonym
sinagoga	synagogue
incapacidade	incapacity
colorar	color
parisiense	parisian
gambiana	gambian
evidenciar	evince
feita	done
ancara	ankara
bioquimico	biochemist
bicarse	kiss
incoloro	colourless
brea	pitch
tallo	stool
carraca	crock
acumetro	audiometer
aixada	hoe
sorber	slurp
holmio	holmium
imperio	empire
briol	bucket
gamma	gamma
nacion	nation
cabaca	peg
bulon	bolt
debuxar	draw
noveno	ninth
oncologo	oncologist
espetar	skewer
almofada	pillow
boliviano	bolivian
espana	spain
suspension	suspension
esferometro	spherometer
sese	maggot
refusia	anger
quiosco	kiosk
norte	north
quimono	kimono
silandeiro	quiet
esquecer	forget
cloro	chlorine
conecer	know
suavizamento	softening
areixa	maggot
ilegal	illegal
masculino	masculine
picacrega	magpie
calafatear	caulk
entrelazar	entwine
bochecho	cheek
magnesio	magnesium
panterno	cage
adergar	happen
anasarse	duck
neptunio	neptunium
listar	list
wyoming	wyoming
condicional	conditional
escarapote	scorpionfish
protactinio	protactinium
epidemiologo	epidemiologist
restrebar	mow
bispo	bishop
escoletrar	spoil
aristocracia	aristocracy
extenso	widespread
preparado	ripe
provenza	provence
agas	except
galardon	guerdon
sopa	soup
mastro	mast
xilzo	cairn
irla	summit
celebrar	celebrate
antifunxico	antifungal
destragar	spoil
hormonal	hormonal
porcion	serving
xogadora	player
navegar	sail
xefa	boss
superego	superego
berce	cradle
troglodita	troglodyte
voltaxe	voltage
satiro	satyr
personaxe	character
estragar	spoil
arrogancia	swagger
portugues	portuguese
baldreu	slag
chuvia	rain
velocimetro	speedometer
dozura	sweetness
gofeiza	nonsense
vasto	vast
presentacion	introduction
copto	coptic
almorzo	breakfast
falmega	bolt
traumatico	traumatic
doante	donor
sueste	southeast
fotografar	photograph
telecinesia	telekinesis
repleto	packed
captura	capture
dialogo	dialogue
ugandes	ugandan
astronomico	astronomical
fisiologo	physiologist
cristian	christian
superfluo	superfluous
presion	pressure
aguia	eagle
resorte	spring
pizzeiro	pizzaiolo
dous	two
amazonas	amazon
invento	invention
cifose	kyphosis
numerador	numerator
marsella	marseilles
kafkiana	kafkaesque
timpano	eardrum
aprenxer	warn
exipcio	egyptian
facial	facial
coxin	cushion
carie	caries
restrollo	stubble
folguexar	gasp
curio	curium
tractor	tractor
espartaco	spartacus
rodaballo	turbot
gotico	gothic
estufa	stove
achego	harbor
impo	hiccup
ubicuo	ubiquitous
hopi	hopi
imbar	sling
cicatriz	scar
mergullar	duck
arganel	eye
vergonoso	shameful
atafal	crupper
levantar	raise
cocinar	cook
escapar	shun
cuticula	cuticle
frisga	arrow
primoxenita	firstborn
seguro	safe
comun	common
escaseza	scarcity
cegona	stork
almacenaxe	storage
fallar	miss
lia	fray
contapasos	pedometer
piturra	obstinacy
gustoso	delicious
quefir	kefir
celibe	celibate
lanzamento	launching
gastrite	gastritis
neutralidade	neutrality
endocitose	endocytosis
virtude	virtue
pendilleira	slope
estremeno	extremaduran
superfamilia	superfamily
calhambeque	jalopy
anacoreta	hermit
acetilcolina	acetylcholine
taurina	taurine
adozante	sweetener
londinense	londoner
xexuno	jejunum
otolito	otolith
recear	distrust
oferer	bid
publicidade	advertising
mantenza	food
simbolico	symbolic
balume	hay
empezo	beginning
rancho	piglet
reciclar	recycle
asarse	fry
couza	moth
farroupeiro	tattered
futuroloxia	futurology
segredo	secret
safar	escape
glasnost	glasnost
imbuir	steep
antena	honeycomb
clon	clone
haren	harem
ninja	ninja
coxe	nag
adulto	adult
apoteose	apotheosis
alternar	alternate
escabildrar	escape
supermercado	supermarket
incongruente	incongruous
festival	festival
entanguecer	shiver
proia	auction
improbabel	unlikely
fraxil	fragile
tanxibel	tangible
feminizar	feminize
moucho	owl
surinam	suriname
naguela	shack
infame	infamous
cachizo	gnome
enfermeira	nurse
arredo	far
mirasol	sunflower
conxuncion	conjunction
gabanza	accolade
boxeo	boxing
oferta	offer
durian	durian
palmo	inch
baixio	shelf
abundancia	abundance
vertical	vertical
esmurrullar	dent
feldespato	feldspar
financieiro	financier
estimar	regard
megalito	megalith
tranvia	tram
caucasico	white
xunta	junta
chumbo	lead
amador	lover
tafona	bakery
punada	punch
millo	maize
resurreccion	resurrection
torta	pie
asasino	assassin
pispar	pinch
farrapento	tattered
hai	ago
rebumbio	uproar
balada	ballad
avergonar	shame
galdaripo	lapwing
pigmento	pigment
ollal	eyelet
beldroega	purslane
consistir	consist
exaxeracion	exaggeration
proxector	projector
cauda	tail
agromar	bud
monocroma	monochrome
nimigalla	nothing
saboroso	delicious
ervella	pea
asiria	assyrian
monarca	monarch
atribuir	attribute
sitiar	besiege
aspic	aspic
gorila	gorilla
lumbrigar	dawn
chileno	chilean
miga	crumb
chifre	whistle
mobella	loon
marica	magpie
onde	where
ingreme	steep
metabolismo	metabolism
mafia	mafia
lacustre	lacustrine
obter	acquire
grillon	shackle
alterar	alter
mostea	tuft
aspartamo	aspartame
conservador	conservative
raspar	scratch
espada	sword
bieito	benedict
controlable	controllable
carcan	quiver
megatenda	superstore
actor	player
atar	tie
cirro	cirrus
cenoria	carrot
circonio	zirconium
diario	daily
tifoide	typhous
camion	truck
parola	word
canibalismo	cannibalism
iota	jay
cartago	carthage
pexego	peach
catarreira	cold
baron	baron
seteiro	archer
documento	document
moledo	calf
emerxencia	emergency
cochinchina	timbuktu
maxistrado	magistrate
oraculo	oracle
serrar	saw
sorrir	smile
chope	gulp
torrido	sultry
avestruz	ostrich
organizacion	organization
futbolista	footballer
tanzania	tanzania
excelente	excellent
incapaz	incapable
bulgaria	bulgaria
tren	train
amigo	friend
esparta	sparta
etimoloxico	etymological
trogo	anxiety
perfumar	perfume
patriotismo	patriotism
tanxible	tangible
atmosferico	atmospheric
amperimetro	ammeter
descendente	progeny
rexional	regional
kiribatiano	kiribatian
albogo	woodland
polbo	octopus
hadrian	adrian
antilope	antelope
feiticeiria	sorcery
espallar	strew
fieiteira	bargain
lamela	slat
descubrir	discover
sosego	calmness
xuno	june
pedir	ask
cabacina	courgette
cor	color
comedia	comedy
cogombro	cucumber
moia	struggle
protestante	protestant
fbi	fbi
vertixinoso	quick
hindi	hindi
amidon	starch
queiroa	heather
pouta	paw
servir	serve
pipo	whistle
conmemorar	commemorate
parodico	parodic
fondo	bottom
recheo	filling
frolear	blossom
bizancio	byzantium
oleoso	oily
pornocracia	pornocracy
munique	munich
democratico	democratic
aditivo	additive
renxer	creak
demarcar	border
gujarati	gujarati
visir	vizier
uganda	uganda
brinde	toast
climax	climax
escabroso	scabrous
aorta	aorta
endeben	once
maderno	hill
descansar	rest
connotativo	connotative
pronto	soon
lontra	otter
sardena	sardinia
decima	tenth
xemelgos	gemini
vexetariana	vegetarian
cavaco	billet
amanecer	sunrise
chafar	wrinkle
rodela	kneecap
eucatastrofe	eucatastrophe
cosmogonia	cosmogony
guillerme	william
hepatite	hepatitis
pobreza	poverty
otoloxia	otology
italiana	italian
tecedura	fabric
xeque	sheik
gaimola	sweets
victoria	victory
hockey	hockey
heroe	hero
oligarquico	oligarchic
loia	lie
par	pair
serotonina	serotonin
paula	paula
garavanzo	chickpea
lexibel	legible
sinopse	synopsis
indeleble	indelible
enfermidade	disease
alcandorca	orca
cero	zero
benestar	welfare
translacion	transference
solla	flounder
londra	otter
substantivar	substantivise
dramaturga	playwright
megafono	megaphone
dixital	digital
rixidez	rigidity
mercedes	mercedes
oftalmico	ophthalmic
sacarrollas	corkscrew
bocarte	anchovy
extraibel	removable
osmometro	osmometer
impresora	printer
lercioso	steep
cuscus	couscous
noivo	boyfriend
reler	reread
estomago	stomach
correcto	correct
asiatico	asian
delaware	delaware
tobo	den
vegano	vegan
ornitofobia	ornithophobia
ril	kidney
abuso	abuse
rolo	bolt
magnifico	magnificent
prosa	prose
cuberto	covered
ervello	pea
ameroar	drizzle
subida	upload
simplemente	simply
galipote	pitch
aerometro	aerometer
entomoloxia	entomology
dramatico	dramatic
goldro	slime
paxina	page
inar	gasp
celebridade	celebrity
modificador	modifier
antibalas	bulletproof
anduron	swift
belicosidade	bellicosity
formulario	form
avesporeiro	vespiary
cachafundo	pothole
baldrogas	tattered
satisfaccion	satisfaction
tenis	tennis
equidna	echidna
sueco	swedish
delgada	lean
grilla	lie
metempsicose	metempsychosis
caracter	character
demostrar	demonstrate
recompensa	reward
linchamento	lynching
ferrador	farrier
islam	islam
magnetismo	magnetism
pecado	sin
gamacho	finch
contratar	hire
indigno	unworthy
bencedeira	witch
rustrido	saute
linfoma	lymphoma
cantante	singer
ocupado	busy
gracia	grace
adineirado	wealthy
actinio	actinium
rubideza	blush
euro	euro
periodista	journalist
arrousar	trail
casado	married
exosfera	exosphere
carmeso	crimson
distinto	distinct
kiribati	kiribati
conecemento	knowledge
falangueiro	sociable
remedio	remedy
facho	beacon
entrevista	interview
hipnotico	hypnotic
franxibel	frangible
estralido	click
aburguesar	bourgeoisify
sarxento	sergeant
lastrada	nonsense
acompanar	accompany
proxectil	projectile
bruzo	scar
coitelo	knife
hummus	hummus
vostedes	you
lavandaria	launderette
mordedura	bite
glotonimo	glossonym
volpe	vixen
samargo	radish
comer	eat
nube	cloud
xornalismo	journalism
suborno	bribe
tentativa	attempt
etimoloxia	etymology
mentiran	liar
promocional	promotional
clero	clergy
sexologo	sexologist
xardin	garden
bosniaco	bosnian
comunmente	commonly
jurisdicion	jurisdiction
alcance	scope
esquipar	duck
esterqueira	dunghill
capricho	whim
carretilla	wheelbarrow
buxeo	butcher
fabricar	manufacture
turrar	pull
cortisona	cortisone
rebo	rubble
ovas	roe
distinguible	distinguishable
arpeo	grapnel
sonadora	daydreamer
constipado	cold
dinamica	dynamism
cartilaxe	cartilage
solerte	cunning
isobara	isobar
primoxenito	firstborn
formar	form
maine	maine
cantullo	stone
intricado	intricate
incrible	incredible
balcon	balcony
paz	peace
ouvido	ear
anesgarse	duck
boxo	belly
parestesia	paresthesia
membrana	membrane
ditongo	diphthong
inesgotabel	inexhaustible
poexo	pennyroyal
marca	mark
estaca	beanpole
indistinto	indistinct
sentadoiro	seat
universal	universal
farmaceutico	pharmaceutical
omnipresenza	omnipresence
alasamento	pant
refusar	refuse
mosquito	mosquito
criminal	criminal
hugo	hugh
estoniano	estonian
pureza	purity
experto	expert
xurasico	jurassic
natalia	natalie
trece	thirteen
fargallon	tattered
conexion	connection
cuspe	saliva
repugnante	repugnant
alcalimetria	alkalimetry
sarria	drizzle
cambiar	change
harmonico	harmonic
paxinar	paginate
fanatismo	fanaticism
cuantitativo	quantitative
tomadia	tail
xabon	soap
peganoso	sticky
fertilizante	fertilizer
mantisa	mantissa
framboeseiro	raspberry
rousio	exit
prosmeiro	cunning
comprabel	buyable
perpau	lever
arma	weapon
escindir	split
laura	laura
sacar	withdraw
farrapeiro	tattered
pelve	pelvis
sauna	sauna
boil	stable
catralvo	traitor
francia	france
dentista	dentist
ansioso	anxious
torromica	omelette
peneirar	sieve
enfinta	racket
multiventa	multiwindow
lactosa	lactose
americio	americium
boreal	boreal
xenerosidade	generosity
bronce	bronze
bretana	brittany
escandalo	scandal
catorce	fourteen
pompa	pomp
teorico	theoretical
satirico	satirical
coreografo	choreographer
alexandre	alexander
tapabocas	scarf
libra	libra
prenez	pregnancy
hexaloxia	hexalogy
concordia	concord
momia	mummy
prometio	promethium
marte	mars
armadillo	armadillo
pifaro	fife
paris	paris
heraldica	heraldry
exercicio	exercise
esmeralda	emerald
profesional	professional
magnetometro	magnetometer
sinuoso	sinuous
acibeche	jet
aerolina	airline
imperfecto	imperfect
mocidade	youth
mendelevio	mendelevium
complicado	convoluted
resistible	resistible
inutil	useless
exito	success
quiza	perhaps
espirro	sneeze
decepcion	disappointment
acontecer	happen
consistente	consistent
atavico	atavistic
arrebato	rapture
tesoiras	scissors
abeluria	foxglove
multitactico	multitactical
escondido	hidden
minimo	minimal
fresa	strawberry
carran	swift
barallo	uproar
orgasmo	climax
elasticidade	elasticity
brumario	brumaire
arar	till
totalmente	entirely
neonatologo	neonatologist
puntual	punctual
doela	stave
saciable	satiable
aprendiz	apprentice
substancia	substance
xasmin	jasmine
matrimonio	marriage
soldado	soldier
londres	london
libremente	freely
arcansas	arkansas
anegar	flood
currincho	pig
soberania	sovereignty
subir	upload
gabriel	gabriel
tarde	afternoon
garaxe	garage
ganxes	ganges
equipo	team
donativo	donation
panqueca	pancake
ouvir	hear
zampallan	tattered
audioloxia	audiology
golf	golf
liscarse	escape
floracion	flowering
causa	cause
boubear	lie
calculo	calculation
calcapapeis	paperweight
faia	beech
molecula	molecule
uranio	uranium
liquida	liquid
descobrir	discover
foucino	sickle
eurasia	eurasia
raquitismo	rickets
dobre	double
bafordo	javelin
saraievo	sarajevo
radioloxia	radiology
maldicir	curse
instrumento	instrument
petalo	petal
cocineira	cook
vesania	madness
miango	kite
actitude	attitude
luairo	calendar
lince	lynx
explicar	explain
penetracion	penetration
finxir	pretend
mexicano	mexican
colico	colic
fisioloxia	physiology
holoceno	holocene
conico	conical
apartheid	apartheid
perigoso	dangerous
otalxia	earache
pedagogo	pedagogue
regularidade	regularity
freixa	waterfall
asclepio	asclepius
lisboa	lisbon
rinoceronte	rhinoceros
cabare	cabaret
afrontar	tackle
florida	florida
sabado	saturday
inserir	insert
simbolo	symbol
futbolin	foosball
sabugueiro	elder
fito	cairn
afeitar	shave
analise	analysis
uroxenital	genitourinary
vantaxe	advantage
mosa	meuse
rabanada	flock
reconstruir	reconstruct
grei	folk
remar	row
nivkh	nivkh
partir	split
navarro	navarrese
media	average
floral	floral
mojibake	mojibake
anxelica	angelica
dirixente	leader
boeta	box
pitagoras	pythagoras
bumerang	boomerang
recrutador	recruiter
nepal	nepal
fedello	cheeky
proposicion	proposition
simpatina	noradrenaline
misoxinia	misogyny
torturador	torturer
babuxar	drizzle
pantalan	wharf
grimo	fear
comenzar	begin
influencia	influence
loitador	fighter
ene	en
ausente	absent
lanterna	flashlight
catalan	catalan
arxila	clay
meteoro	meteor
nordeste	northeast
concepcion	conception
esqueira	ladder
triplicar	triple
igual	equal
mama	papaya
monstro	monster
lapinar	drizzle
furon	ferret
panxolina	carol
xigabyte	gigabyte
realizar	perform
cianita	kyanite
escravizar	enslave
entusiasmar	enthuse
ermita	hermit
esquerda	left
desconfianza	distrust
ponton	joist
clavicembalo	harpsichord
anticorpo	antibody
loiran	snail
intocable	pariah
topo	summit
pubere	pubescent
zurrumalla	stuff
albaricoque	apricot
inminente	imminent
filosofico	philosophical
humidade	humidity
oceanografo	oceanographer
orzan	thunder
pesca	fishing
mapa	map
alixeirar	lighten
uceira	heathland
abolir	abolish
sarillo	reel
estabilidade	stability
esexese	exegesis
avaria	malfunction
trouso	thunder
mallorca	majorca
loio	sinkhole
murmurar	whisper
tonelada	tonne
estano	tin
recomezar	recommence
madeixa	skein
algodon	cotton
chavismo	chavism
marsupial	marsupial
baskir	bashkir
osmio	osmium
dedo	finger
escribenta	sparrow
prima	cousin
manchuria	manchuria
abade	abbot
pote	pot
pereira	pear
quimera	chimera
video	video
peruano	peruvian
trang	busy
entena	honeycomb
fotografico	photographic
brasilia	brasilia
amargura	bitterness
mauricio	mauritius
disension	dissension
escrofula	scrofula
prestixio	prestige
tropical	tropical
restrexar	trail
fita	ribbon
piquelo	woodpecker
esponxoso	fluffy
epsilon	epsilon
louvor	accolade
inestable	unstable
beizo	lip
asemade	once
adaptacion	adaptation
nepoticida	nepoticide
poligono	polygon
laderno	mastic
corga	hill
subhastar	auction
recadar	gather
framboesa	raspberry
rebouza	fallow
oftalmoloxia	ophthalmology
menxengo	rogue
cinismo	cynicism
clase	class
capeal	gable
khanato	khanate
atrollar	mow
cobiza	covetousness
mainzo	maize
vil	vile
uroloxico	urologic
bordar	embroider
circulatorio	circulatory
folello	husk
ocultismo	occult
caida	falloff
guarnicion	garnish
elegante	elegant
calcita	calcite
xerme	germ
beleza	beauty
iceberg	iceberg
astronomo	astronomer
derrubar	topple
xeneral	general
abreviatura	abbreviation
gasolina	gasoline
horreo	granary
antropoceno	anthropocene
outo	high
inmobil	immobile
diamantes	diamonds
diminuir	diminish
maceracion	maceration
combustibel	combustible
urnigo	duck
hemisferio	hemisphere
xentil	gentile
incansable	tireless
mostacho	moustache
glande	acorn
varcia	floodplain
alogamia	allogamy
moulon	snail
acento	accent
dureza	hardness
dedaleira	foxglove
baldon	rim
sobrevivir	survive
anxiosperma	angiosperm
serbia	serbia
atroz	heinous
pitono	myopic
incerto	uncertain
narrador	narrator
esputo	spit
orfanato	orphanage
ocre	russet
abraiento	astonishing
punico	punic
loxistica	logistics
cabido	chapter
textual	textual
cafeina	caffeine
lura	squid
escrava	slave
queimazon	burn
invisible	invisible
embaixador	ambassador
idioma	language
emprestito	loan
bailador	dancer
circuito	track
eufemia	euphemia
antropomorfo	anthropomorphic
inexplicabel	inexplicable
quino	pig
irracional	irrational
primo	cousin
esterco	dung
hilda	hilda
autoctono	autochthonous
teoderico	derek
incluir	include
baile	dance
minifaldra	miniskirt
carril	lane
universidade	university
espirse	undress
refacer	redo
lubre	woodland
sospeitar	distrust
cerote	fear
dolar	dollar
criador	breeder
capudre	rowan
arqueoloxia	archaeology
perspectiva	perspective
retrouso	refrain
crecente	crescent
modificacion	modification
rubor	blush
croqueta	croquette
pentagono	pentagon
epico	epic
desconecido	unknown
anonimo	anonymous
pirlon	hinge
refuxiado	refugee
codorna	quail
pacificar	pacify
arino	shelf
cambodja	cambodia
pestana	eyelash
venres	friday
indulxencia	indulgence
machucar	muddle
esfarrapado	tattered
oitava	eighth
pertenza	belonging
importante	important
arterite	arteritis
alerxico	allergic
fronde	frond
orelo	rim
irresistible	irresistible
caspa	dandruff
zugueira	sweets
glutamina	glutamine
engaiolar	cage
feminino	feminine
cama	bed
abkhazo	abkhaz
epiderme	epidermis
isohieta	isohyet
tufo	stench
conservante	preservative
joule	joule
lomedro	thigh
consulado	consulate
gradilla	box
combustible	combustible
carepa	husk
cebada	barley
desexabel	desirable
uruguai	uruguay
hipsometro	hypsometer
practica	practice
benvido	welcome
mortalidade	mortality
enteado	stepson
ferruxenta	rusty
chao	ciao
hidrocarburo	hydrocarbon
paxinacion	pagination
alumbregar	dawn
carvea	caraway
repelo	hammer
trixesimo	thirtieth
brecha	flaw
monocromo	monochrome
ben	well
cotian	daily
decibelio	decibel
municipal	municipal
nasofarinxe	nasopharynx
glorificar	glamorize
endurecido	callous
mordedela	bite
lamigocha	slug
temer	fear
apagado	shutdown
distinguido	distinguished
prisioneiro	prisoner
microscopico	microscopic
ilustracion	illustration
maguncia	mainz
milan	milan
anestesico	anaesthetic
roudo	quick
montaxe	montage
tuba	tuba
colorido	colorful
caruxada	drizzle
letrista	lyricist
azulado	bluish
abano	fan
europeo	european
teodorico	derek
taneira	dais
ruben	reuben
exemplo	example
falsamente	falsely
xeado	frozen
prometeo	prometheus
embarrancar	beach
maritimo	maritime
horribel	horrible
cubito	ulna
rivalidade	rivalry
miliamperio	milliampere
petador	doorknocker
pentagrama	staff
mozartiano	mozartian
nepales	nepali
bufinon	cantankerous
aceda	sorrel
palla	straw
tenramente	tenderly
brocha	brush
interlingua	interlingua
bieita	benedicta
ratada	sweets
rito	rite
optico	optic
cuitar	manure
inaccesible	inaccessible
valido	valid
mineraloxico	mineralogical
deliberado	deliberate
deidade	deity
rebordar	abound
espir	undress
desvanecer	faint
cocineiro	cook
ununoctio	ununoctium
ritual	ritual
pediatra	pediatrician
sonar	dream
abdome	abdomen
siberiano	siberian
cunqueiro	shelf
lurpina	gluttony
xugo	yoke
categoria	category
liscancere	adder
andorrana	andorran
luterano	lutheran
brexo	ram
vitalidade	vitality
